﻿<?xml version="1.0" encoding="utf-8" standalone="yes"?>
<lcp:CircuitProject xmlns:lcp="http://LogicCircuit.net/MetaModel/Model.xml"
	name="CircuitProject" prefix="lc" targetNamespace="http://LogicCircuit.net/1.0.0.3/CircuitProject.xsd"
	mandatory="true"
>

	<!--
		Change history
		Version 1.0.0.2 - changing semantic of Wire. Now wire is line segment and conductor is set of wires and connection is child of conductor.
		There is no transformation from version 1.0.0.1 to 1.0.0.2 so all existing files will be lost.

		Version 1.0.0.3 - no schema changes. Introduction of the new version is just to prevent loading the new file with newly introduced tri state buffers
		by old version of program that does not support such gates. A simple transofmation is requared to change namespace so no user date will be lost.
	-->

	<lcp:Table name="Project">
		<lcp:Column name="ProjectId" type="System.Guid"/>
		<lcp:Column name="Name" type="System.String" default="Circuit Project"/>
		<lcp:Column name="Description" type="System.String" default=""/>
		<lcp:Column name="Zoom" type="System.Double" default="1"/>
		<lcp:Column name="LogicalCircuitId" type="System.Guid"/>

		<lcp:Key type="primary">
			<lcp:Column name="ProjectId"/>
		</lcp:Key>

		<lcp:Key type="foreign" parent="LogicalCircuit" cascade="false">
			<lcp:Column name="LogicalCircuitId"/>
		</lcp:Key>
	</lcp:Table>

	<lcp:Table name="Circuit" persistent="False">
		<lcp:Column name="CircuitId" type="System.Guid"/>

		<lcp:Key type="primary">
			<lcp:Column name="CircuitId"/>
		</lcp:Key>
	</lcp:Table>

	<lcp:Table name="DevicePin" persistent="False">
		<lcp:Column name="PinId" type="System.Guid"/>
		<lcp:Column name="CircuitId" type="System.Guid"/>
		<lcp:Column name="BitWidth" type="System.Int32" default="1"/>
		<lcp:Column name="PinType" type="System.String" default="Input"/>
		<lcp:Column name="PinSide" type="System.String" default="Left"/>
		<lcp:Column name="Inverted" type="System.Boolean" default="false"/>
		<lcp:Column name="Name" type="System.String"/>
		<lcp:Column name="Note" type="System.String" default=""/>

		<lcp:Key type="primary">
			<lcp:Column name="PinId"/>
		</lcp:Key>

		<lcp:Key type="unique">
			<lcp:Column name="CircuitId"/>
			<lcp:Column name="Name"/>
		</lcp:Key>

		<lcp:Key type="foreign" parent="Circuit" cascade="true">
			<lcp:Column name="PinId"/>
		</lcp:Key>

		<lcp:Key type="foreign" parent="Circuit" cascade="true">
			<lcp:Column name="CircuitId"/>
		</lcp:Key>
	</lcp:Table>

	<lcp:Table name="Gate" persistent="False">
		<lcp:Column name="CircuitId" type="System.Guid"/>
		<lcp:Column name="GateType" type="System.String"/>

		<lcp:Key type="primary">
			<lcp:Column name="CircuitId"/>
		</lcp:Key>

		<lcp:Key type="foreign" parent="Circuit" cascade="false">
			<lcp:Column name="CircuitId"/>
		</lcp:Key>
	</lcp:Table>

	<lcp:Table name="LogicalCircuit">
		<lcp:Column name="LogicalCircuitId" type="System.Guid"/>
		<lcp:Column name="Name" type="System.String" default="Main"/>
		<lcp:Column name="Notation" type="System.String" default=""/>
		<lcp:Column name="Description" type="System.String" default=""/>
		<lcp:Column name="Category" type="System.String" default=""/>

		<lcp:Key type="primary">
			<lcp:Column name="LogicalCircuitId"/>
		</lcp:Key>

		<lcp:Key type="unique">
			<lcp:Column name="Name"/>
		</lcp:Key>

		<lcp:Key type="foreign" parent="Circuit" cascade="true">
			<lcp:Column name="LogicalCircuitId"/>
		</lcp:Key>
	</lcp:Table>

	<lcp:Table name="Pin">
		<lcp:Column name="PinId" type="System.Guid"/>
		<lcp:Column name="CircuitId" type="System.Guid"/>
		<lcp:Column name="BitWidth" type="System.Int32" default="1"/>
		<lcp:Column name="PinType" type="System.String" default="Input"/>
		<lcp:Column name="PinSide" type="System.String" default="Left"/>
		<lcp:Column name="Inverted" type="System.Boolean" default="false"/>
		<lcp:Column name="Name" type="System.String"/>
		<lcp:Column name="Note" type="System.String" default=""/>

		<lcp:Key type="primary">
			<lcp:Column name="PinId"/>
		</lcp:Key>

		<lcp:Key type="unique">
			<lcp:Column name="CircuitId"/>
			<lcp:Column name="Name"/>
		</lcp:Key>

		<lcp:Key type="foreign" parent="Circuit" cascade="true">
			<lcp:Column name="PinId"/>
		</lcp:Key>

		<lcp:Key type="foreign" parent="Circuit" cascade="true">
			<lcp:Column name="CircuitId"/>
		</lcp:Key>
	</lcp:Table>

	<lcp:Table name="Constant">
		<lcp:Column name="ConstantId" type="System.Guid"/>
		<lcp:Column name="BitWidth" type="System.Int32" default="1"/>
		<lcp:Column name="Value" type="System.Int32" default="0"/>

		<lcp:Key type="primary">
			<lcp:Column name="ConstantId"/>
		</lcp:Key>

		<lcp:Key type="foreign" parent="Circuit" cascade="true">
			<lcp:Column name="ConstantId"/>
		</lcp:Key>
	</lcp:Table>

	<lcp:Table name="CircuitButton">
		<lcp:Column name="CircuitButtonId" type="System.Guid"/>
		<lcp:Column name="Notation" type="System.String" default=""/>

		<lcp:Key type="primary">
			<lcp:Column name="CircuitButtonId"/>
		</lcp:Key>

		<lcp:Key type="foreign" parent="Circuit" cascade="true">
			<lcp:Column name="CircuitButtonId"/>
		</lcp:Key>
	</lcp:Table>

	<lcp:Table name="Memory">
		<lcp:Column name="MemoryId" type="System.Guid"/>
		<lcp:Column name="Writable" type="System.Boolean"/>
		<lcp:Column name="WriteOn1" type="System.Boolean" default="false"/>
		<lcp:Column name="AddressBitWidth" type="System.Int32"/>
		<lcp:Column name="DataBitWidth" type="System.Int32"/>
		<lcp:Column name="Data" type="System.String" default=""/>

		<lcp:Key type="primary">
			<lcp:Column name="MemoryId"/>
		</lcp:Key>

		<lcp:Key type="foreign" parent="Circuit" cascade="true">
			<lcp:Column name="MemoryId"/>
		</lcp:Key>
	</lcp:Table>

	<lcp:Table name="CircuitSymbol">
		<lcp:Column name="CircuitSymbolId" type="System.Guid"/>
		<lcp:Column name="CircuitId" type="System.Guid"/>
		<lcp:Column name="LogicalCircuitId" type="System.Guid"/>
		<lcp:Column name="X" type="System.Int32"/>
		<lcp:Column name="Y" type="System.Int32"/>

		<lcp:Key type="primary">
			<lcp:Column name="CircuitSymbolId"/>
		</lcp:Key>

		<lcp:Key type="foreign" parent="Circuit" cascade="true">
			<lcp:Column name="CircuitId"/>
		</lcp:Key>

		<lcp:Key type="foreign" parent="LogicalCircuit" cascade="true">
			<lcp:Column name="LogicalCircuitId"/>
		</lcp:Key>
	</lcp:Table>

	<lcp:Table name="Splitter">
		<lcp:Column name="SplitterId" type="System.Guid"/>
		<lcp:Column name="BitWidth" type="System.Int32"/>
		<lcp:Column name="PinCount" type="System.Int32"/>
		<lcp:Column name="Rotation" type="System.String"/>

		<lcp:Key type="primary">
			<lcp:Column name="SplitterId"/>
		</lcp:Key>

		<lcp:Key type="foreign" parent="Circuit" cascade="true">
			<lcp:Column name="SplitterId"/>
		</lcp:Key>
	</lcp:Table>

	<lcp:Table name="Jam" persistent="False">
		<lcp:Column name="JamId" type="System.Guid"/>
		<lcp:Column name="PinId" type="System.Guid"/>
		<lcp:Column name="CircuitSymbolId" type="System.Guid"/>
		<lcp:Column name="X" type="System.Int32"/>
		<lcp:Column name="Y" type="System.Int32"/>

		<lcp:Key type="primary">
			<lcp:Column name="JamId"/>
		</lcp:Key>

		<lcp:Key type="unique">
			<lcp:Column name="PinId"/>
			<lcp:Column name="CircuitSymbolId"/>
		</lcp:Key>

		<lcp:Key type="foreign" parent="Circuit" cascade="true">
			<lcp:Column name="PinId"/>
		</lcp:Key>

		<lcp:Key type="foreign" parent="CircuitSymbol" cascade="true">
			<lcp:Column name="CircuitSymbolId"/>
		</lcp:Key>
	</lcp:Table>

	<lcp:Table name="Wire">
		<lcp:Column name="WireId" type="System.Guid"/>
		<lcp:Column name="LogicalCircuitId" type="System.Guid"/>
		<lcp:Column name="X1" type="System.Int32"/>
		<lcp:Column name="Y1" type="System.Int32"/>
		<lcp:Column name="X2" type="System.Int32"/>
		<lcp:Column name="Y2" type="System.Int32"/>

		<lcp:Key type="primary">
			<lcp:Column name="WireId"/>
		</lcp:Key>

		<lcp:Key type="foreign" parent="LogicalCircuit" cascade="true">
			<lcp:Column name="LogicalCircuitId"/>
		</lcp:Key>
	</lcp:Table>

	<lcp:Table name="Connection" persistent="False">
		<lcp:Column name="ConnectionId" type="System.Guid"/>
		<lcp:Column name="InJamId" type="System.Guid"/>
		<lcp:Column name="OutJamId" type="System.Guid"/>

		<lcp:Key type="primary">
			<lcp:Column name="ConnectionId"/>
		</lcp:Key>

		<lcp:Key type="unique">
			<lcp:Column name="InJamId"/>
			<lcp:Column name="OutJamId"/>
		</lcp:Key>

		<lcp:Key type="foreign" parent="Jam" cascade="true">
			<lcp:Column name="InJamId"/>
		</lcp:Key>

		<lcp:Key type="foreign" parent="Jam" cascade="true">
			<lcp:Column name="OutJamId"/>
		</lcp:Key>
	</lcp:Table>

</lcp:CircuitProject>
