﻿<?xml version="1.0" encoding="utf-8" standalone="yes"?>
<lcsd:Model xmlns:lcsd="http://LogicCircuit.net/MetaModel/Model.xml"
	name="Settings" prefix="lcs" targetNamespace="http://LogicCircuit.net/SettingsData.xsd"
	withOriginal="false"
	mandatory="true"
>
	<lcsd:Table name="Settings">
		<lcsd:Column name="Key" type="System.String"/>
		<lcsd:Column name="Value" type="System.String" default=""/>

		<lcsd:Key type="primary">
			<lcsd:Column name="Key"/>
		</lcsd:Key>
	</lcsd:Table>

	<lcsd:Table name="RecentFile">
		<lcsd:Column name="FileName" type="System.String"/>
		<lcsd:Column name="DateTime" type="System.String"/>

		<lcsd:Key type="primary">
			<lcsd:Column name="FileName"/>
		</lcsd:Key>
	</lcsd:Table>
</lcsd:Model>
