﻿<Paragraph FontSize="20" FontWeight="Bold">Functions of the circuit "{0}"</Paragraph>
<Table CellSpacing="5">
	<Table.Columns>
		<TableColumn/>
		<TableColumn/>
	</Table.Columns>
	<TableRowGroup>
		<TableRow Background="Gray">
			<TableCell TextAlignment="Center">
				<Paragraph FontSize="15" FontWeight="Bold">Function</Paragraph>
			</TableCell>
			<TableCell TextAlignment="Center">
				<Paragraph FontSize="15" FontWeight="Bold">Count</Paragraph>
			</TableCell>
		</TableRow>
