﻿<?xml version="1.0" encoding="utf-8" standalone="yes"?>
<em:Model xmlns:em="http://EntityModeler.net/2.0.0.1/Model.xsd">
	<em:Model>
		<em:ModelId>57b58ec1-80de-4b76-ac72-e8fee50704b9</em:ModelId>
		<em:ActiveDiagramId>b1572806-2cc3-48c1-95f3-59271126d707</em:ActiveDiagramId>
		<em:DefaultEntityStyleId>a3ef1614-9743-468f-bc0a-d2c24e937338</em:DefaultEntityStyleId>
		<em:DefaultRelationStyleId>b34790ea-0ce6-41fe-aa05-b72c41a1090f</em:DefaultRelationStyleId>
		<em:DefaultCategoryStyleId>deeddcf1-5526-4ff2-b992-f91cfef25a49</em:DefaultCategoryStyleId>
		<em:DefaultTextStyleId>2f72014b-188c-4c5e-a833-d8d71c17ebb1</em:DefaultTextStyleId>
		<em:DefaultTitleStyleId>7ef5b0f8-8434-4446-a7dd-35ed4b44936c</em:DefaultTitleStyleId>
		<em:DefaultDomainId>c9f71765-0242-449e-9a27-27b15382dce7</em:DefaultDomainId>
		<em:Code>LogicCircuit</em:Code>
		<em:Name>LogicCircuit</em:Name>
	</em:Model>
	<em:Domain>
		<em:DomainId>c9f71765-0242-449e-9a27-27b15382dce7</em:DomainId>
		<em:ModelId>57b58ec1-80de-4b76-ac72-e8fee50704b9</em:ModelId>
		<em:Code>String</em:Code>
		<em:Name>String</em:Name>
		<em:Datatype>string</em:Datatype>
	</em:Domain>
	<em:Domain>
		<em:DomainId>d2bf89eb-a97a-4e0e-b57a-63ce141361cc</em:DomainId>
		<em:ModelId>57b58ec1-80de-4b76-ac72-e8fee50704b9</em:ModelId>
		<em:Code>Guid</em:Code>
		<em:Name>Identifier</em:Name>
		<em:Datatype>guid</em:Datatype>
		<em:Length>16</em:Length>
	</em:Domain>
	<em:Domain>
		<em:DomainId>29f1e190-13a0-4644-9f16-9bca69513977</em:DomainId>
		<em:ModelId>57b58ec1-80de-4b76-ac72-e8fee50704b9</em:ModelId>
		<em:Code>Integer</em:Code>
		<em:Name>Integer</em:Name>
		<em:Datatype>int</em:Datatype>
		<em:Length>4</em:Length>
	</em:Domain>
	<em:Domain>
		<em:DomainId>6545f8be-3410-4e34-9254-a7ba91e9912a</em:DomainId>
		<em:ModelId>57b58ec1-80de-4b76-ac72-e8fee50704b9</em:ModelId>
		<em:Code>Decimal</em:Code>
		<em:Name>Decimal</em:Name>
		<em:Datatype>decimal</em:Datatype>
		<em:Length>8</em:Length>
	</em:Domain>
	<em:Domain>
		<em:DomainId>296ba10a-e0b6-499a-8db2-7cb71d9c96e5</em:DomainId>
		<em:ModelId>57b58ec1-80de-4b76-ac72-e8fee50704b9</em:ModelId>
		<em:Code>Real</em:Code>
		<em:Name>Real</em:Name>
		<em:Datatype>real</em:Datatype>
		<em:Length>8</em:Length>
	</em:Domain>
	<em:Domain>
		<em:DomainId>9e385b21-44bf-45b2-95e9-0d641d926b1e</em:DomainId>
		<em:ModelId>57b58ec1-80de-4b76-ac72-e8fee50704b9</em:ModelId>
		<em:Code>Money</em:Code>
		<em:Name>Money</em:Name>
		<em:Datatype>money</em:Datatype>
		<em:Length>8</em:Length>
		<em:Precision>4</em:Precision>
	</em:Domain>
	<em:Domain>
		<em:DomainId>918f3e66-4db0-4736-837b-b820464051f1</em:DomainId>
		<em:ModelId>57b58ec1-80de-4b76-ac72-e8fee50704b9</em:ModelId>
		<em:Code>DateTime</em:Code>
		<em:Name>Date &amp; Time</em:Name>
		<em:Datatype>datetime</em:Datatype>
		<em:Length>8</em:Length>
	</em:Domain>
	<em:Domain>
		<em:DomainId>b45d14e0-5abc-4b1d-ae03-d2a4741b2942</em:DomainId>
		<em:ModelId>57b58ec1-80de-4b76-ac72-e8fee50704b9</em:ModelId>
		<em:Code>Boolean</em:Code>
		<em:Name>Boolean</em:Name>
		<em:Datatype>boolean</em:Datatype>
	</em:Domain>
	<em:Entity>
		<em:EntityId>c8ae5ee2-51e3-4cb5-adb8-50ede131a285</em:EntityId>
		<em:ModelId>57b58ec1-80de-4b76-ac72-e8fee50704b9</em:ModelId>
		<em:Code>Circuit</em:Code>
		<em:Name>Circuit</em:Name>
	</em:Entity>
	<em:Entity>
		<em:EntityId>93a20d41-faca-4459-a9a7-d13ab4f615e9</em:EntityId>
		<em:ModelId>57b58ec1-80de-4b76-ac72-e8fee50704b9</em:ModelId>
		<em:Code>Gate</em:Code>
		<em:Name>Gate</em:Name>
	</em:Entity>
	<em:Entity>
		<em:EntityId>f7e7c4a8-543d-44c0-8b00-6995a83c017e</em:EntityId>
		<em:ModelId>57b58ec1-80de-4b76-ac72-e8fee50704b9</em:ModelId>
		<em:Code>LogicalCircuit</em:Code>
		<em:Name>LogicalCircuit</em:Name>
	</em:Entity>
	<em:Entity>
		<em:EntityId>9e1d641a-0b2a-4499-a191-4a5eee619dea</em:EntityId>
		<em:ModelId>57b58ec1-80de-4b76-ac72-e8fee50704b9</em:ModelId>
		<em:Code>CircuitSymbol</em:Code>
		<em:Name>CircuitSymbol</em:Name>
	</em:Entity>
	<em:Entity>
		<em:EntityId>65fc528a-ea0e-4a4e-a7d8-958709b6d788</em:EntityId>
		<em:ModelId>57b58ec1-80de-4b76-ac72-e8fee50704b9</em:ModelId>
		<em:Code>PinIn</em:Code>
		<em:Name>PinIn</em:Name>
	</em:Entity>
	<em:Entity>
		<em:EntityId>e4a260a2-b8df-46d0-96f6-e90b929e135d</em:EntityId>
		<em:ModelId>57b58ec1-80de-4b76-ac72-e8fee50704b9</em:ModelId>
		<em:Code>PinOut</em:Code>
		<em:Name>PinOut</em:Name>
	</em:Entity>
	<em:Entity>
		<em:EntityId>38044378-eba2-470e-91b9-825867d72bcb</em:EntityId>
		<em:ModelId>57b58ec1-80de-4b76-ac72-e8fee50704b9</em:ModelId>
		<em:Code>JamIn</em:Code>
		<em:Name>JamIn</em:Name>
	</em:Entity>
	<em:Entity>
		<em:EntityId>16651a53-53ab-4017-bcbe-5cd86c8746ae</em:EntityId>
		<em:ModelId>57b58ec1-80de-4b76-ac72-e8fee50704b9</em:ModelId>
		<em:Code>JamOut</em:Code>
		<em:Name>JamOut</em:Name>
	</em:Entity>
	<em:Entity>
		<em:EntityId>1c497052-0794-47ec-b464-2cc1964163ad</em:EntityId>
		<em:ModelId>57b58ec1-80de-4b76-ac72-e8fee50704b9</em:ModelId>
		<em:Code>Connection</em:Code>
		<em:Name>Connection</em:Name>
	</em:Entity>
	<em:Entity>
		<em:EntityId>d43e49ce-ed52-45f6-a603-7dfac1624d87</em:EntityId>
		<em:ModelId>57b58ec1-80de-4b76-ac72-e8fee50704b9</em:ModelId>
		<em:Code>Conductor</em:Code>
		<em:Name>Conductor</em:Name>
		<em:Generate>false</em:Generate>
	</em:Entity>
	<em:Entity>
		<em:EntityId>f1dd846f-8f1a-416c-9e90-39ff334d8f46</em:EntityId>
		<em:ModelId>57b58ec1-80de-4b76-ac72-e8fee50704b9</em:ModelId>
		<em:Code>State</em:Code>
		<em:Name>State</em:Name>
	</em:Entity>
	<em:Entity>
		<em:EntityId>94713080-c872-44f4-afe3-6bf8f9f37259</em:EntityId>
		<em:ModelId>57b58ec1-80de-4b76-ac72-e8fee50704b9</em:ModelId>
		<em:Code>Function</em:Code>
		<em:Name>Function</em:Name>
	</em:Entity>
	<em:Entity>
		<em:EntityId>6041a3b2-3401-4112-bc16-e778be45c490</em:EntityId>
		<em:ModelId>57b58ec1-80de-4b76-ac72-e8fee50704b9</em:ModelId>
		<em:Code>Result</em:Code>
		<em:Name>Result</em:Name>
	</em:Entity>
	<em:Entity>
		<em:EntityId>9892e281-a49f-4a8c-8889-c854c13f68b4</em:EntityId>
		<em:ModelId>57b58ec1-80de-4b76-ac72-e8fee50704b9</em:ModelId>
		<em:Code>Parameter</em:Code>
		<em:Name>Parameter</em:Name>
	</em:Entity>
	<em:Entity>
		<em:EntityId>cf890d2b-4864-4a6d-a974-4ca2ce28a4b7</em:EntityId>
		<em:ModelId>57b58ec1-80de-4b76-ac72-e8fee50704b9</em:ModelId>
		<em:Code>Project</em:Code>
		<em:Name>Project</em:Name>
	</em:Entity>
	<em:Entity>
		<em:EntityId>e40b0814-7c9d-44c3-96a2-763c0fdb9bfe</em:EntityId>
		<em:ModelId>57b58ec1-80de-4b76-ac72-e8fee50704b9</em:ModelId>
		<em:Code>Wire</em:Code>
		<em:Name>Wire</em:Name>
	</em:Entity>
	<em:Entity>
		<em:EntityId>02cb08c3-df59-45f1-9be7-302461b91d39</em:EntityId>
		<em:ModelId>57b58ec1-80de-4b76-ac72-e8fee50704b9</em:ModelId>
		<em:Code>Entity</em:Code>
		<em:Name>CircuitMap</em:Name>
	</em:Entity>
	<em:Entity>
		<em:EntityId>00a0eea3-b5ba-4aa4-975b-5b4fbbc48c90</em:EntityId>
		<em:ModelId>57b58ec1-80de-4b76-ac72-e8fee50704b9</em:ModelId>
		<em:Code>Entity17</em:Code>
		<em:Name>SymbolMap</em:Name>
	</em:Entity>
	<em:Entity>
		<em:EntityId>db3ae34c-ede2-4055-b231-d80a5b42f60b</em:EntityId>
		<em:ModelId>57b58ec1-80de-4b76-ac72-e8fee50704b9</em:ModelId>
		<em:Code>Entity18</em:Code>
		<em:Name>Bit</em:Name>
	</em:Entity>
	<em:Entity>
		<em:EntityId>98b29210-6b72-474d-be70-314e457cc554</em:EntityId>
		<em:ModelId>57b58ec1-80de-4b76-ac72-e8fee50704b9</em:ModelId>
		<em:Code>Entity19</em:Code>
		<em:Name>Result Parameter</em:Name>
	</em:Entity>
	<em:Relation>
		<em:RelationId>fd5f883a-a43e-4518-ac0b-5905e6227dff</em:RelationId>
		<em:ModelId>57b58ec1-80de-4b76-ac72-e8fee50704b9</em:ModelId>
		<em:ParentEntityId>c8ae5ee2-51e3-4cb5-adb8-50ede131a285</em:ParentEntityId>
		<em:ChildEntityId>9e1d641a-0b2a-4499-a191-4a5eee619dea</em:ChildEntityId>
		<em:Code>FK_Circuit_CircuitSymbol</em:Code>
		<em:Name>Circuit - CircuitSymbol</em:Name>
	</em:Relation>
	<em:Relation>
		<em:RelationId>e141b719-b6c3-4f2c-9b76-524b8a10a6df</em:RelationId>
		<em:ModelId>57b58ec1-80de-4b76-ac72-e8fee50704b9</em:ModelId>
		<em:ParentEntityId>f7e7c4a8-543d-44c0-8b00-6995a83c017e</em:ParentEntityId>
		<em:ChildEntityId>9e1d641a-0b2a-4499-a191-4a5eee619dea</em:ChildEntityId>
		<em:Code>FK_LogicalCircuit_CircuitSymbol</em:Code>
		<em:Name>LogicalCircuit - CircuitSymbol</em:Name>
	</em:Relation>
	<em:Relation>
		<em:RelationId>7667a07f-df79-4f87-b5a2-2871419c6ba9</em:RelationId>
		<em:ModelId>57b58ec1-80de-4b76-ac72-e8fee50704b9</em:ModelId>
		<em:ParentEntityId>c8ae5ee2-51e3-4cb5-adb8-50ede131a285</em:ParentEntityId>
		<em:ChildEntityId>65fc528a-ea0e-4a4e-a7d8-958709b6d788</em:ChildEntityId>
		<em:Code>FK_Circuit_In</em:Code>
		<em:Name>Circuit - In</em:Name>
	</em:Relation>
	<em:Relation>
		<em:RelationId>edb35be5-eba1-4ea2-a34a-0efa9b212f1d</em:RelationId>
		<em:ModelId>57b58ec1-80de-4b76-ac72-e8fee50704b9</em:ModelId>
		<em:ParentEntityId>c8ae5ee2-51e3-4cb5-adb8-50ede131a285</em:ParentEntityId>
		<em:ChildEntityId>e4a260a2-b8df-46d0-96f6-e90b929e135d</em:ChildEntityId>
		<em:Code>FK_Circuit_Out</em:Code>
		<em:Name>Circuit - Out</em:Name>
	</em:Relation>
	<em:Relation>
		<em:RelationId>6368bd6c-0ef1-42a5-a67f-303dd8f8c4c7</em:RelationId>
		<em:ModelId>57b58ec1-80de-4b76-ac72-e8fee50704b9</em:ModelId>
		<em:ParentEntityId>9e1d641a-0b2a-4499-a191-4a5eee619dea</em:ParentEntityId>
		<em:ChildEntityId>38044378-eba2-470e-91b9-825867d72bcb</em:ChildEntityId>
		<em:Code>FK_CircuitSymbol_In</em:Code>
		<em:Name>CircuitSymbol - In</em:Name>
	</em:Relation>
	<em:Relation>
		<em:RelationId>f855345f-0df1-4703-879d-c5f3e3583c0e</em:RelationId>
		<em:ModelId>57b58ec1-80de-4b76-ac72-e8fee50704b9</em:ModelId>
		<em:ParentEntityId>9e1d641a-0b2a-4499-a191-4a5eee619dea</em:ParentEntityId>
		<em:ChildEntityId>16651a53-53ab-4017-bcbe-5cd86c8746ae</em:ChildEntityId>
		<em:Code>FK_CircuitSymbol_Out</em:Code>
		<em:Name>CircuitSymbol - Out</em:Name>
	</em:Relation>
	<em:Relation>
		<em:RelationId>a51f7d98-207e-4ab6-92a0-84eb3c609f88</em:RelationId>
		<em:ModelId>57b58ec1-80de-4b76-ac72-e8fee50704b9</em:ModelId>
		<em:ParentEntityId>65fc528a-ea0e-4a4e-a7d8-958709b6d788</em:ParentEntityId>
		<em:ChildEntityId>38044378-eba2-470e-91b9-825867d72bcb</em:ChildEntityId>
		<em:Code>FK_PinIn_In</em:Code>
		<em:Name>PinIn - In</em:Name>
	</em:Relation>
	<em:Relation>
		<em:RelationId>09e05e50-ddee-4767-a23e-fcedc05d1a55</em:RelationId>
		<em:ModelId>57b58ec1-80de-4b76-ac72-e8fee50704b9</em:ModelId>
		<em:ParentEntityId>e4a260a2-b8df-46d0-96f6-e90b929e135d</em:ParentEntityId>
		<em:ChildEntityId>16651a53-53ab-4017-bcbe-5cd86c8746ae</em:ChildEntityId>
		<em:Code>FK_PinOut_Out</em:Code>
		<em:Name>PinOut - Out</em:Name>
	</em:Relation>
	<em:Relation>
		<em:RelationId>dd19d406-2f2c-4055-ad95-5f3b12ba4458</em:RelationId>
		<em:ModelId>57b58ec1-80de-4b76-ac72-e8fee50704b9</em:ModelId>
		<em:ParentEntityId>16651a53-53ab-4017-bcbe-5cd86c8746ae</em:ParentEntityId>
		<em:ChildEntityId>1c497052-0794-47ec-b464-2cc1964163ad</em:ChildEntityId>
		<em:Code>FK_Out_Connection</em:Code>
		<em:Name>Out - Connection</em:Name>
	</em:Relation>
	<em:Relation>
		<em:RelationId>063f8113-1551-4890-a560-4961e24ee1a7</em:RelationId>
		<em:ModelId>57b58ec1-80de-4b76-ac72-e8fee50704b9</em:ModelId>
		<em:ParentEntityId>38044378-eba2-470e-91b9-825867d72bcb</em:ParentEntityId>
		<em:ChildEntityId>1c497052-0794-47ec-b464-2cc1964163ad</em:ChildEntityId>
		<em:Code>FK_In_Connection</em:Code>
		<em:Name>In - Connection</em:Name>
	</em:Relation>
	<em:Relation>
		<em:RelationId>c7cff2e5-b74d-42c5-a7b9-177c619a28c3</em:RelationId>
		<em:ModelId>57b58ec1-80de-4b76-ac72-e8fee50704b9</em:ModelId>
		<em:ParentEntityId>d43e49ce-ed52-45f6-a603-7dfac1624d87</em:ParentEntityId>
		<em:ChildEntityId>1c497052-0794-47ec-b464-2cc1964163ad</em:ChildEntityId>
		<em:Code>FK_Conductor_Connection</em:Code>
		<em:Name>Conductor - Connection</em:Name>
	</em:Relation>
	<em:Relation>
		<em:RelationId>628b4283-aeba-4ada-a27d-1461896baa4e</em:RelationId>
		<em:ModelId>57b58ec1-80de-4b76-ac72-e8fee50704b9</em:ModelId>
		<em:ParentEntityId>38044378-eba2-470e-91b9-825867d72bcb</em:ParentEntityId>
		<em:ChildEntityId>9892e281-a49f-4a8c-8889-c854c13f68b4</em:ChildEntityId>
		<em:Code>FK_JamOut_Parameter</em:Code>
		<em:Name>JamOut - Parameter</em:Name>
	</em:Relation>
	<em:Relation>
		<em:RelationId>09bcf79d-d673-4196-bffd-8431ed435838</em:RelationId>
		<em:ModelId>57b58ec1-80de-4b76-ac72-e8fee50704b9</em:ModelId>
		<em:ParentEntityId>16651a53-53ab-4017-bcbe-5cd86c8746ae</em:ParentEntityId>
		<em:ChildEntityId>6041a3b2-3401-4112-bc16-e778be45c490</em:ChildEntityId>
		<em:Code>FK_JamIn_Result</em:Code>
		<em:Name>JamIn - Result</em:Name>
	</em:Relation>
	<em:Relation>
		<em:RelationId>d4a5ac11-8c31-4608-8355-028adffea432</em:RelationId>
		<em:ModelId>57b58ec1-80de-4b76-ac72-e8fee50704b9</em:ModelId>
		<em:ParentEntityId>f1dd846f-8f1a-416c-9e90-39ff334d8f46</em:ParentEntityId>
		<em:ChildEntityId>6041a3b2-3401-4112-bc16-e778be45c490</em:ChildEntityId>
		<em:Code>FK_State_Result</em:Code>
		<em:Name>State - Result</em:Name>
	</em:Relation>
	<em:Relation>
		<em:RelationId>4cc861a1-26d6-4416-9262-01bb7cf1deea</em:RelationId>
		<em:ModelId>57b58ec1-80de-4b76-ac72-e8fee50704b9</em:ModelId>
		<em:ParentEntityId>94713080-c872-44f4-afe3-6bf8f9f37259</em:ParentEntityId>
		<em:ChildEntityId>6041a3b2-3401-4112-bc16-e778be45c490</em:ChildEntityId>
		<em:Code>FK_Function_Result</em:Code>
		<em:Name>Function - Result</em:Name>
	</em:Relation>
	<em:Relation>
		<em:RelationId>bcbb319b-fd75-4242-9529-890efe489a3f</em:RelationId>
		<em:ModelId>57b58ec1-80de-4b76-ac72-e8fee50704b9</em:ModelId>
		<em:ParentEntityId>94713080-c872-44f4-afe3-6bf8f9f37259</em:ParentEntityId>
		<em:ChildEntityId>9892e281-a49f-4a8c-8889-c854c13f68b4</em:ChildEntityId>
		<em:Code>FK_Function_Parameter</em:Code>
		<em:Name>Function - Parameter</em:Name>
	</em:Relation>
	<em:Relation>
		<em:RelationId>39648ced-e024-44e0-b1d1-0569c8843bd7</em:RelationId>
		<em:ModelId>57b58ec1-80de-4b76-ac72-e8fee50704b9</em:ModelId>
		<em:ParentEntityId>f1dd846f-8f1a-416c-9e90-39ff334d8f46</em:ParentEntityId>
		<em:ChildEntityId>9892e281-a49f-4a8c-8889-c854c13f68b4</em:ChildEntityId>
		<em:Code>FK_State_Parameter</em:Code>
		<em:Name>State - Parameter</em:Name>
	</em:Relation>
	<em:Relation>
		<em:RelationId>1f2b4973-93a8-4ebe-93a5-e2ace5026754</em:RelationId>
		<em:ModelId>57b58ec1-80de-4b76-ac72-e8fee50704b9</em:ModelId>
		<em:ParentEntityId>16651a53-53ab-4017-bcbe-5cd86c8746ae</em:ParentEntityId>
		<em:ChildEntityId>f1dd846f-8f1a-416c-9e90-39ff334d8f46</em:ChildEntityId>
		<em:Code>FK_JamOut_State</em:Code>
		<em:Name>JamOut - State</em:Name>
	</em:Relation>
	<em:Relation>
		<em:RelationId>8e637cdd-69c9-4438-b15c-c634cc7b90db</em:RelationId>
		<em:ModelId>57b58ec1-80de-4b76-ac72-e8fee50704b9</em:ModelId>
		<em:ParentEntityId>cf890d2b-4864-4a6d-a974-4ca2ce28a4b7</em:ParentEntityId>
		<em:ChildEntityId>c8ae5ee2-51e3-4cb5-adb8-50ede131a285</em:ChildEntityId>
		<em:Code>FK_Project_Circuit</em:Code>
		<em:Name>Project - Circuit</em:Name>
	</em:Relation>
	<em:Relation>
		<em:RelationId>e06fc64c-d30a-4fd0-99a2-05c5e9691b4a</em:RelationId>
		<em:ModelId>57b58ec1-80de-4b76-ac72-e8fee50704b9</em:ModelId>
		<em:ParentEntityId>d43e49ce-ed52-45f6-a603-7dfac1624d87</em:ParentEntityId>
		<em:ChildEntityId>e40b0814-7c9d-44c3-96a2-763c0fdb9bfe</em:ChildEntityId>
		<em:Code>FK_Conductor_Wire</em:Code>
		<em:Name>Conductor - Wire</em:Name>
	</em:Relation>
	<em:Relation>
		<em:RelationId>bfc57a36-d7d1-4bd6-b42c-8d6b8016d175</em:RelationId>
		<em:ModelId>57b58ec1-80de-4b76-ac72-e8fee50704b9</em:ModelId>
		<em:ParentEntityId>c8ae5ee2-51e3-4cb5-adb8-50ede131a285</em:ParentEntityId>
		<em:ChildEntityId>cf890d2b-4864-4a6d-a974-4ca2ce28a4b7</em:ChildEntityId>
		<em:Code>FK_Circuit_Project</em:Code>
		<em:Name>Circuit - Project</em:Name>
		<em:ParentVerb>current</em:ParentVerb>
	</em:Relation>
	<em:Relation>
		<em:RelationId>473cdf4b-7f8e-4b0c-94a0-24c5ac87240f</em:RelationId>
		<em:ModelId>57b58ec1-80de-4b76-ac72-e8fee50704b9</em:ModelId>
		<em:ParentEntityId>f7e7c4a8-543d-44c0-8b00-6995a83c017e</em:ParentEntityId>
		<em:ChildEntityId>e40b0814-7c9d-44c3-96a2-763c0fdb9bfe</em:ChildEntityId>
		<em:Code>FK_LogicalCircuit_Wire</em:Code>
		<em:Name>LogicalCircuit - Wire</em:Name>
	</em:Relation>
	<em:Relation>
		<em:RelationId>6dcae57f-cdc1-413b-b2fc-2725854ebb53</em:RelationId>
		<em:ModelId>57b58ec1-80de-4b76-ac72-e8fee50704b9</em:ModelId>
		<em:ParentEntityId>02cb08c3-df59-45f1-9be7-302461b91d39</em:ParentEntityId>
		<em:ChildEntityId>02cb08c3-df59-45f1-9be7-302461b91d39</em:ChildEntityId>
		<em:Code>FK_CircuitMap_CircuitMap</em:Code>
		<em:Name>CircuitMap - CircuitMap</em:Name>
		<em:Cardinality>Optional</em:Cardinality>
	</em:Relation>
	<em:Relation>
		<em:RelationId>10917dac-539e-4a35-b0b1-e8de7dad44ac</em:RelationId>
		<em:ModelId>57b58ec1-80de-4b76-ac72-e8fee50704b9</em:ModelId>
		<em:ParentEntityId>f7e7c4a8-543d-44c0-8b00-6995a83c017e</em:ParentEntityId>
		<em:ChildEntityId>02cb08c3-df59-45f1-9be7-302461b91d39</em:ChildEntityId>
		<em:Code>FK_LogicalCircuit_CircuitMap</em:Code>
		<em:Name>LogicalCircuit - CircuitMap</em:Name>
	</em:Relation>
	<em:Relation>
		<em:RelationId>62714da4-f197-4fd8-ad58-4d3bb53926e1</em:RelationId>
		<em:ModelId>57b58ec1-80de-4b76-ac72-e8fee50704b9</em:ModelId>
		<em:ParentEntityId>02cb08c3-df59-45f1-9be7-302461b91d39</em:ParentEntityId>
		<em:ChildEntityId>00a0eea3-b5ba-4aa4-975b-5b4fbbc48c90</em:ChildEntityId>
		<em:Code>FK_CircuitMap_SymbolMap</em:Code>
		<em:Name>CircuitMap - SymbolMap</em:Name>
	</em:Relation>
	<em:Relation>
		<em:RelationId>5995ddd6-696f-48d3-8037-74d4df064d56</em:RelationId>
		<em:ModelId>57b58ec1-80de-4b76-ac72-e8fee50704b9</em:ModelId>
		<em:ParentEntityId>9e1d641a-0b2a-4499-a191-4a5eee619dea</em:ParentEntityId>
		<em:ChildEntityId>00a0eea3-b5ba-4aa4-975b-5b4fbbc48c90</em:ChildEntityId>
		<em:Code>FK_CircuitSymbol_SymbolMap</em:Code>
		<em:Name>CircuitSymbol - SymbolMap</em:Name>
	</em:Relation>
	<em:Relation>
		<em:RelationId>68028407-7653-40c5-a093-d2c3cca54bdd</em:RelationId>
		<em:ModelId>57b58ec1-80de-4b76-ac72-e8fee50704b9</em:ModelId>
		<em:ParentEntityId>00a0eea3-b5ba-4aa4-975b-5b4fbbc48c90</em:ParentEntityId>
		<em:ChildEntityId>6041a3b2-3401-4112-bc16-e778be45c490</em:ChildEntityId>
		<em:Code>FK_SymbolMap_Result</em:Code>
		<em:Name>SymbolMap - Result</em:Name>
	</em:Relation>
	<em:Relation>
		<em:RelationId>6864077f-9b2c-44f9-b43d-87ea91c310fc</em:RelationId>
		<em:ModelId>57b58ec1-80de-4b76-ac72-e8fee50704b9</em:ModelId>
		<em:ParentEntityId>00a0eea3-b5ba-4aa4-975b-5b4fbbc48c90</em:ParentEntityId>
		<em:ChildEntityId>9892e281-a49f-4a8c-8889-c854c13f68b4</em:ChildEntityId>
		<em:Code>FK_SymbolMap_Parameter</em:Code>
		<em:Name>SymbolMap - Parameter</em:Name>
	</em:Relation>
	<em:Relation>
		<em:RelationId>d0e54175-eba3-45ec-8cad-38e647b0beaa</em:RelationId>
		<em:ModelId>57b58ec1-80de-4b76-ac72-e8fee50704b9</em:ModelId>
		<em:ParentEntityId>db3ae34c-ede2-4055-b231-d80a5b42f60b</em:ParentEntityId>
		<em:ChildEntityId>6041a3b2-3401-4112-bc16-e778be45c490</em:ChildEntityId>
		<em:Code>FK_Bit_Result</em:Code>
		<em:Name>Bit - Result</em:Name>
	</em:Relation>
	<em:Relation>
		<em:RelationId>f822668e-6529-41a7-815e-7639f811a0b9</em:RelationId>
		<em:ModelId>57b58ec1-80de-4b76-ac72-e8fee50704b9</em:ModelId>
		<em:ParentEntityId>db3ae34c-ede2-4055-b231-d80a5b42f60b</em:ParentEntityId>
		<em:ChildEntityId>9892e281-a49f-4a8c-8889-c854c13f68b4</em:ChildEntityId>
		<em:Code>FK_Bit_Parameter</em:Code>
		<em:Name>Bit - Parameter</em:Name>
	</em:Relation>
	<em:Relation>
		<em:RelationId>4a42e26e-d07c-4025-843e-b76170fb2cc3</em:RelationId>
		<em:ModelId>57b58ec1-80de-4b76-ac72-e8fee50704b9</em:ModelId>
		<em:ParentEntityId>00a0eea3-b5ba-4aa4-975b-5b4fbbc48c90</em:ParentEntityId>
		<em:ChildEntityId>94713080-c872-44f4-afe3-6bf8f9f37259</em:ChildEntityId>
		<em:Code>FK_SymbolMap_Function</em:Code>
		<em:Name>SymbolMap - Function</em:Name>
	</em:Relation>
	<em:Relation>
		<em:RelationId>5fcec787-7d83-45de-bccc-f1238b8200de</em:RelationId>
		<em:ModelId>57b58ec1-80de-4b76-ac72-e8fee50704b9</em:ModelId>
		<em:ParentEntityId>6041a3b2-3401-4112-bc16-e778be45c490</em:ParentEntityId>
		<em:ChildEntityId>98b29210-6b72-474d-be70-314e457cc554</em:ChildEntityId>
		<em:Code>FK_Result_Result_Parameter</em:Code>
		<em:Name>Result - Result Parameter</em:Name>
	</em:Relation>
	<em:Relation>
		<em:RelationId>654d0393-d1d6-419d-861c-a4d834dc2df4</em:RelationId>
		<em:ModelId>57b58ec1-80de-4b76-ac72-e8fee50704b9</em:ModelId>
		<em:ParentEntityId>9892e281-a49f-4a8c-8889-c854c13f68b4</em:ParentEntityId>
		<em:ChildEntityId>98b29210-6b72-474d-be70-314e457cc554</em:ChildEntityId>
		<em:Code>FK_Parameter_Result_Parameter</em:Code>
		<em:Name>Parameter - Result Parameter</em:Name>
	</em:Relation>
	<em:Category>
		<em:CategoryId>76a12ae9-c738-4748-a70c-3632b17ab2f5</em:CategoryId>
		<em:ModelId>57b58ec1-80de-4b76-ac72-e8fee50704b9</em:ModelId>
		<em:EntityId>c8ae5ee2-51e3-4cb5-adb8-50ede131a285</em:EntityId>
		<em:Code>Circuit_Type</em:Code>
		<em:Name>Circuit Type</em:Name>
	</em:Category>
	<em:Subcategory>
		<em:SubcategoryId>effcdecc-b707-461d-a960-687f1b94d809</em:SubcategoryId>
		<em:ModelId>57b58ec1-80de-4b76-ac72-e8fee50704b9</em:ModelId>
		<em:CategoryId>76a12ae9-c738-4748-a70c-3632b17ab2f5</em:CategoryId>
		<em:EntityId>93a20d41-faca-4459-a9a7-d13ab4f615e9</em:EntityId>
		<em:Code>Circuit_Type_Gate</em:Code>
		<em:Name>Circuit Type: Gate</em:Name>
	</em:Subcategory>
	<em:Subcategory>
		<em:SubcategoryId>265d6558-3751-4451-ba19-41eebf39bc0b</em:SubcategoryId>
		<em:ModelId>57b58ec1-80de-4b76-ac72-e8fee50704b9</em:ModelId>
		<em:CategoryId>76a12ae9-c738-4748-a70c-3632b17ab2f5</em:CategoryId>
		<em:EntityId>f7e7c4a8-543d-44c0-8b00-6995a83c017e</em:EntityId>
		<em:Code>Circuit_Type_LogicCircuit</em:Code>
		<em:Name>Circuit Type: LogicCircuit</em:Name>
	</em:Subcategory>
	<em:Subcategory>
		<em:SubcategoryId>78e2fd29-1cae-44c1-99c5-877389325763</em:SubcategoryId>
		<em:ModelId>57b58ec1-80de-4b76-ac72-e8fee50704b9</em:ModelId>
		<em:CategoryId>76a12ae9-c738-4748-a70c-3632b17ab2f5</em:CategoryId>
		<em:EntityId>e4a260a2-b8df-46d0-96f6-e90b929e135d</em:EntityId>
		<em:Code>Circuit_Type_PinOut</em:Code>
		<em:Name>Circuit Type: PinOut</em:Name>
	</em:Subcategory>
	<em:Subcategory>
		<em:SubcategoryId>c7b174e3-22b2-4569-8332-aea7bf67bc44</em:SubcategoryId>
		<em:ModelId>57b58ec1-80de-4b76-ac72-e8fee50704b9</em:ModelId>
		<em:CategoryId>76a12ae9-c738-4748-a70c-3632b17ab2f5</em:CategoryId>
		<em:EntityId>65fc528a-ea0e-4a4e-a7d8-958709b6d788</em:EntityId>
		<em:Code>Circuit_Type_PinIn</em:Code>
		<em:Name>Circuit Type: PinIn</em:Name>
	</em:Subcategory>
	<em:Diagram>
		<em:DiagramId>b1572806-2cc3-48c1-95f3-59271126d707</em:DiagramId>
		<em:ModelId>57b58ec1-80de-4b76-ac72-e8fee50704b9</em:ModelId>
		<em:Code>Diagram</em:Code>
		<em:Name>Logic Circuit</em:Name>
		<em:Width>51840</em:Width>
		<em:Height>37440</em:Height>
		<em:PageScale>0.75</em:PageScale>
		<em:ScrollX>16562</em:ScrollX>
		<em:ScrollY>11783</em:ScrollY>
		<em:DiagramType>Conceptual</em:DiagramType>
	</em:Diagram>
	<em:Diagram>
		<em:DiagramId>54299b76-8793-470f-9e2b-ccc797828f72</em:DiagramId>
		<em:ModelId>57b58ec1-80de-4b76-ac72-e8fee50704b9</em:ModelId>
		<em:Code>Diagram_1</em:Code>
		<em:Name>Building Functions</em:Name>
		<em:Width>51840</em:Width>
		<em:Height>37440</em:Height>
		<em:PageScale>0.75</em:PageScale>
		<em:ScrollX>16562</em:ScrollX>
		<em:ScrollY>11783</em:ScrollY>
		<em:DiagramType>Conceptual</em:DiagramType>
	</em:Diagram>
	<em:EntitySymbol>
		<em:EntitySymbolId>ce824db6-8eeb-477a-a70d-29225ee97440</em:EntitySymbolId>
		<em:DiagramId>b1572806-2cc3-48c1-95f3-59271126d707</em:DiagramId>
		<em:EntityId>c8ae5ee2-51e3-4cb5-adb8-50ede131a285</em:EntityId>
		<em:EntityStyleId>a3ef1614-9743-468f-bc0a-d2c24e937338</em:EntityStyleId>
		<em:X>20967</em:X>
		<em:Y>20107</em:Y>
		<em:Width>3220</em:Width>
		<em:Height>2000</em:Height>
	</em:EntitySymbol>
	<em:EntitySymbol>
		<em:EntitySymbolId>3992a48b-2ec1-4175-9e1f-e619b5336e4f</em:EntitySymbolId>
		<em:DiagramId>b1572806-2cc3-48c1-95f3-59271126d707</em:DiagramId>
		<em:EntityId>93a20d41-faca-4459-a9a7-d13ab4f615e9</em:EntityId>
		<em:EntityStyleId>a3ef1614-9743-468f-bc0a-d2c24e937338</em:EntityStyleId>
		<em:X>23504</em:X>
		<em:Y>23663</em:Y>
		<em:Width>2466</em:Width>
		<em:Height>780</em:Height>
	</em:EntitySymbol>
	<em:EntitySymbol>
		<em:EntitySymbolId>6d54d9e0-ee6c-480e-8dc3-91feed28bbed</em:EntitySymbolId>
		<em:DiagramId>b1572806-2cc3-48c1-95f3-59271126d707</em:DiagramId>
		<em:EntityId>f7e7c4a8-543d-44c0-8b00-6995a83c017e</em:EntityId>
		<em:EntityStyleId>a3ef1614-9743-468f-bc0a-d2c24e937338</em:EntityStyleId>
		<em:X>23521</em:X>
		<em:Y>22607</em:Y>
		<em:Width>2466</em:Width>
		<em:Height>780</em:Height>
	</em:EntitySymbol>
	<em:EntitySymbol>
		<em:EntitySymbolId>29d3ae43-bdb8-4385-b889-72da1a77d4fd</em:EntitySymbolId>
		<em:DiagramId>b1572806-2cc3-48c1-95f3-59271126d707</em:DiagramId>
		<em:EntityId>9e1d641a-0b2a-4499-a191-4a5eee619dea</em:EntityId>
		<em:EntityStyleId>a3ef1614-9743-468f-bc0a-d2c24e937338</em:EntityStyleId>
		<em:X>26667</em:X>
		<em:Y>20167</em:Y>
		<em:Width>2980</em:Width>
		<em:Height>1820</em:Height>
	</em:EntitySymbol>
	<em:EntitySymbol>
		<em:EntitySymbolId>3687a9eb-51f3-4083-85f0-d3d1cfd9cc91</em:EntitySymbolId>
		<em:DiagramId>b1572806-2cc3-48c1-95f3-59271126d707</em:DiagramId>
		<em:EntityId>65fc528a-ea0e-4a4e-a7d8-958709b6d788</em:EntityId>
		<em:EntityStyleId>a3ef1614-9743-468f-bc0a-d2c24e937338</em:EntityStyleId>
		<em:X>22820</em:X>
		<em:Y>17699</em:Y>
		<em:Width>2000</em:Width>
		<em:Height>1500</em:Height>
	</em:EntitySymbol>
	<em:EntitySymbol>
		<em:EntitySymbolId>a43a85a5-851f-4f14-a8cb-63fb0f336d27</em:EntitySymbolId>
		<em:DiagramId>b1572806-2cc3-48c1-95f3-59271126d707</em:DiagramId>
		<em:EntityId>e4a260a2-b8df-46d0-96f6-e90b929e135d</em:EntityId>
		<em:EntityStyleId>a3ef1614-9743-468f-bc0a-d2c24e937338</em:EntityStyleId>
		<em:X>20919</em:X>
		<em:Y>15810</em:Y>
		<em:Width>2000</em:Width>
		<em:Height>1500</em:Height>
	</em:EntitySymbol>
	<em:EntitySymbol>
		<em:EntitySymbolId>d02436b1-328e-49cc-8d03-30abd566dfae</em:EntitySymbolId>
		<em:DiagramId>b1572806-2cc3-48c1-95f3-59271126d707</em:DiagramId>
		<em:EntityId>38044378-eba2-470e-91b9-825867d72bcb</em:EntityId>
		<em:EntityStyleId>a3ef1614-9743-468f-bc0a-d2c24e937338</em:EntityStyleId>
		<em:X>25967</em:X>
		<em:Y>17717</em:Y>
		<em:Width>2000</em:Width>
		<em:Height>1500</em:Height>
	</em:EntitySymbol>
	<em:EntitySymbol>
		<em:EntitySymbolId>7ea35ad6-5577-4149-a3d7-03573151abc0</em:EntitySymbolId>
		<em:DiagramId>b1572806-2cc3-48c1-95f3-59271126d707</em:DiagramId>
		<em:EntityId>16651a53-53ab-4017-bcbe-5cd86c8746ae</em:EntityId>
		<em:EntityStyleId>a3ef1614-9743-468f-bc0a-d2c24e937338</em:EntityStyleId>
		<em:X>27447</em:X>
		<em:Y>15757</em:Y>
		<em:Width>2000</em:Width>
		<em:Height>1500</em:Height>
	</em:EntitySymbol>
	<em:EntitySymbol>
		<em:EntitySymbolId>c0748271-3c8d-4e15-9555-de7ef8b0149f</em:EntitySymbolId>
		<em:DiagramId>b1572806-2cc3-48c1-95f3-59271126d707</em:DiagramId>
		<em:EntityId>1c497052-0794-47ec-b464-2cc1964163ad</em:EntityId>
		<em:EntityStyleId>a3ef1614-9743-468f-bc0a-d2c24e937338</em:EntityStyleId>
		<em:X>32127</em:X>
		<em:Y>16697</em:Y>
		<em:Width>2000</em:Width>
		<em:Height>1500</em:Height>
	</em:EntitySymbol>
	<em:EntitySymbol>
		<em:EntitySymbolId>2c913105-3de2-47b7-8feb-19f0359a8fe4</em:EntitySymbolId>
		<em:DiagramId>b1572806-2cc3-48c1-95f3-59271126d707</em:DiagramId>
		<em:EntityId>d43e49ce-ed52-45f6-a603-7dfac1624d87</em:EntityId>
		<em:EntityStyleId>a3ef1614-9743-468f-bc0a-d2c24e937338</em:EntityStyleId>
		<em:X>32147</em:X>
		<em:Y>20097</em:Y>
		<em:Width>2000</em:Width>
		<em:Height>1500</em:Height>
	</em:EntitySymbol>
	<em:EntitySymbol>
		<em:EntitySymbolId>1b25a134-7eac-4e79-9c36-8eea5080f2e0</em:EntitySymbolId>
		<em:DiagramId>b1572806-2cc3-48c1-95f3-59271126d707</em:DiagramId>
		<em:EntityId>f1dd846f-8f1a-416c-9e90-39ff334d8f46</em:EntityId>
		<em:EntityStyleId>a3ef1614-9743-468f-bc0a-d2c24e937338</em:EntityStyleId>
		<em:X>30927</em:X>
		<em:Y>12637</em:Y>
		<em:Width>2260</em:Width>
		<em:Height>2070</em:Height>
	</em:EntitySymbol>
	<em:EntitySymbol>
		<em:EntitySymbolId>bd9dcf8e-e654-456e-b605-c26b76aaa6d7</em:EntitySymbolId>
		<em:DiagramId>b1572806-2cc3-48c1-95f3-59271126d707</em:DiagramId>
		<em:EntityId>94713080-c872-44f4-afe3-6bf8f9f37259</em:EntityId>
		<em:EntityStyleId>a3ef1614-9743-468f-bc0a-d2c24e937338</em:EntityStyleId>
		<em:X>20987</em:X>
		<em:Y>12697</em:Y>
		<em:Width>2460</em:Width>
		<em:Height>2190</em:Height>
	</em:EntitySymbol>
	<em:EntitySymbol>
		<em:EntitySymbolId>0430c6fa-9787-4716-870b-f4b32e243f87</em:EntitySymbolId>
		<em:DiagramId>b1572806-2cc3-48c1-95f3-59271126d707</em:DiagramId>
		<em:EntityId>6041a3b2-3401-4112-bc16-e778be45c490</em:EntityId>
		<em:EntityStyleId>a3ef1614-9743-468f-bc0a-d2c24e937338</em:EntityStyleId>
		<em:X>27447</em:X>
		<em:Y>12617</em:Y>
		<em:Width>2000</em:Width>
		<em:Height>1500</em:Height>
	</em:EntitySymbol>
	<em:EntitySymbol>
		<em:EntitySymbolId>042c0b2e-21f8-4d5a-a2ed-2f341e68be07</em:EntitySymbolId>
		<em:DiagramId>b1572806-2cc3-48c1-95f3-59271126d707</em:DiagramId>
		<em:EntityId>9892e281-a49f-4a8c-8889-c854c13f68b4</em:EntityId>
		<em:EntityStyleId>a3ef1614-9743-468f-bc0a-d2c24e937338</em:EntityStyleId>
		<em:X>25067</em:X>
		<em:Y>13277</em:Y>
		<em:Width>2000</em:Width>
		<em:Height>1500</em:Height>
	</em:EntitySymbol>
	<em:EntitySymbol>
		<em:EntitySymbolId>ee417d9a-b66a-40f0-9fd9-7a38412e538f</em:EntitySymbolId>
		<em:DiagramId>b1572806-2cc3-48c1-95f3-59271126d707</em:DiagramId>
		<em:EntityId>e4a260a2-b8df-46d0-96f6-e90b929e135d</em:EntityId>
		<em:EntityStyleId>a3ef1614-9743-468f-bc0a-d2c24e937338</em:EntityStyleId>
		<em:X>19007</em:X>
		<em:Y>22597</em:Y>
		<em:Width>2466</em:Width>
		<em:Height>780</em:Height>
	</em:EntitySymbol>
	<em:EntitySymbol>
		<em:EntitySymbolId>8f4bb882-2f48-4e02-bbb9-a00a1935d9a4</em:EntitySymbolId>
		<em:DiagramId>b1572806-2cc3-48c1-95f3-59271126d707</em:DiagramId>
		<em:EntityId>65fc528a-ea0e-4a4e-a7d8-958709b6d788</em:EntityId>
		<em:EntityStyleId>a3ef1614-9743-468f-bc0a-d2c24e937338</em:EntityStyleId>
		<em:X>19027</em:X>
		<em:Y>23577</em:Y>
		<em:Width>2466</em:Width>
		<em:Height>780</em:Height>
	</em:EntitySymbol>
	<em:EntitySymbol>
		<em:EntitySymbolId>5a554903-5ec4-4b52-ae75-587344e5a368</em:EntitySymbolId>
		<em:DiagramId>b1572806-2cc3-48c1-95f3-59271126d707</em:DiagramId>
		<em:EntityId>cf890d2b-4864-4a6d-a974-4ca2ce28a4b7</em:EntityId>
		<em:EntityStyleId>a3ef1614-9743-468f-bc0a-d2c24e937338</em:EntityStyleId>
		<em:X>17467</em:X>
		<em:Y>20317</em:Y>
		<em:Width>2000</em:Width>
		<em:Height>1500</em:Height>
	</em:EntitySymbol>
	<em:EntitySymbol>
		<em:EntitySymbolId>08637f5c-03d6-47bc-a496-b99a8ba587e2</em:EntitySymbolId>
		<em:DiagramId>b1572806-2cc3-48c1-95f3-59271126d707</em:DiagramId>
		<em:EntityId>e40b0814-7c9d-44c3-96a2-763c0fdb9bfe</em:EntityId>
		<em:EntityStyleId>a3ef1614-9743-468f-bc0a-d2c24e937338</em:EntityStyleId>
		<em:X>32147</em:X>
		<em:Y>22897</em:Y>
		<em:Width>2000</em:Width>
		<em:Height>1500</em:Height>
	</em:EntitySymbol>
	<em:EntitySymbol>
		<em:EntitySymbolId>314634a8-3ec8-420d-a3c4-193ab8ec270f</em:EntitySymbolId>
		<em:DiagramId>54299b76-8793-470f-9e2b-ccc797828f72</em:DiagramId>
		<em:EntityId>f7e7c4a8-543d-44c0-8b00-6995a83c017e</em:EntityId>
		<em:EntityStyleId>a3ef1614-9743-468f-bc0a-d2c24e937338</em:EntityStyleId>
		<em:X>18762</em:X>
		<em:Y>13213</em:Y>
		<em:Width>2000</em:Width>
		<em:Height>1500</em:Height>
	</em:EntitySymbol>
	<em:EntitySymbol>
		<em:EntitySymbolId>32095d87-346d-4c01-8929-0c302ab72ce6</em:EntitySymbolId>
		<em:DiagramId>54299b76-8793-470f-9e2b-ccc797828f72</em:DiagramId>
		<em:EntityId>02cb08c3-df59-45f1-9be7-302461b91d39</em:EntityId>
		<em:EntityStyleId>a3ef1614-9743-468f-bc0a-d2c24e937338</em:EntityStyleId>
		<em:X>23362</em:X>
		<em:Y>13293</em:Y>
		<em:Width>2000</em:Width>
		<em:Height>1500</em:Height>
	</em:EntitySymbol>
	<em:EntitySymbol>
		<em:EntitySymbolId>fabe602e-9861-4e72-bb3c-0b5139062222</em:EntitySymbolId>
		<em:DiagramId>54299b76-8793-470f-9e2b-ccc797828f72</em:DiagramId>
		<em:EntityId>9e1d641a-0b2a-4499-a191-4a5eee619dea</em:EntityId>
		<em:EntityStyleId>a3ef1614-9743-468f-bc0a-d2c24e937338</em:EntityStyleId>
		<em:X>18822</em:X>
		<em:Y>15993</em:Y>
		<em:Width>2000</em:Width>
		<em:Height>1500</em:Height>
	</em:EntitySymbol>
	<em:EntitySymbol>
		<em:EntitySymbolId>4f45b25b-b551-4a6f-8d24-21cdaee1f791</em:EntitySymbolId>
		<em:DiagramId>54299b76-8793-470f-9e2b-ccc797828f72</em:DiagramId>
		<em:EntityId>00a0eea3-b5ba-4aa4-975b-5b4fbbc48c90</em:EntityId>
		<em:EntityStyleId>a3ef1614-9743-468f-bc0a-d2c24e937338</em:EntityStyleId>
		<em:X>23382</em:X>
		<em:Y>15993</em:Y>
		<em:Width>2000</em:Width>
		<em:Height>1500</em:Height>
	</em:EntitySymbol>
	<em:EntitySymbol>
		<em:EntitySymbolId>77ac1ea4-1316-4b57-9cc0-c0738fdda7bb</em:EntitySymbolId>
		<em:DiagramId>54299b76-8793-470f-9e2b-ccc797828f72</em:DiagramId>
		<em:EntityId>16651a53-53ab-4017-bcbe-5cd86c8746ae</em:EntityId>
		<em:EntityStyleId>a3ef1614-9743-468f-bc0a-d2c24e937338</em:EntityStyleId>
		<em:X>19422</em:X>
		<em:Y>18693</em:Y>
		<em:Width>2000</em:Width>
		<em:Height>1500</em:Height>
	</em:EntitySymbol>
	<em:EntitySymbol>
		<em:EntitySymbolId>82414030-b8a4-4b6e-b64d-27f68f77cc2b</em:EntitySymbolId>
		<em:DiagramId>54299b76-8793-470f-9e2b-ccc797828f72</em:DiagramId>
		<em:EntityId>38044378-eba2-470e-91b9-825867d72bcb</em:EntityId>
		<em:EntityStyleId>a3ef1614-9743-468f-bc0a-d2c24e937338</em:EntityStyleId>
		<em:X>18262</em:X>
		<em:Y>20733</em:Y>
		<em:Width>2000</em:Width>
		<em:Height>1500</em:Height>
	</em:EntitySymbol>
	<em:EntitySymbol>
		<em:EntitySymbolId>c819648c-30f5-424a-868b-a2c1c3e6624f</em:EntitySymbolId>
		<em:DiagramId>54299b76-8793-470f-9e2b-ccc797828f72</em:DiagramId>
		<em:EntityId>6041a3b2-3401-4112-bc16-e778be45c490</em:EntityId>
		<em:EntityStyleId>a3ef1614-9743-468f-bc0a-d2c24e937338</em:EntityStyleId>
		<em:X>22662</em:X>
		<em:Y>18633</em:Y>
		<em:Width>2000</em:Width>
		<em:Height>1500</em:Height>
	</em:EntitySymbol>
	<em:EntitySymbol>
		<em:EntitySymbolId>488feb9d-d2bf-4104-90ef-f8996fb9a3d2</em:EntitySymbolId>
		<em:DiagramId>54299b76-8793-470f-9e2b-ccc797828f72</em:DiagramId>
		<em:EntityId>9892e281-a49f-4a8c-8889-c854c13f68b4</em:EntityId>
		<em:EntityStyleId>a3ef1614-9743-468f-bc0a-d2c24e937338</em:EntityStyleId>
		<em:X>24802</em:X>
		<em:Y>20653</em:Y>
		<em:Width>2000</em:Width>
		<em:Height>1500</em:Height>
	</em:EntitySymbol>
	<em:EntitySymbol>
		<em:EntitySymbolId>f88d69aa-2253-4434-abb5-4279a334b68b</em:EntitySymbolId>
		<em:DiagramId>54299b76-8793-470f-9e2b-ccc797828f72</em:DiagramId>
		<em:EntityId>db3ae34c-ede2-4055-b231-d80a5b42f60b</em:EntityId>
		<em:EntityStyleId>a3ef1614-9743-468f-bc0a-d2c24e937338</em:EntityStyleId>
		<em:X>22982</em:X>
		<em:Y>23053</em:Y>
		<em:Width>2000</em:Width>
		<em:Height>1500</em:Height>
	</em:EntitySymbol>
	<em:EntitySymbol>
		<em:EntitySymbolId>907d37e6-550d-453b-8af4-90fd4d3d177b</em:EntitySymbolId>
		<em:DiagramId>54299b76-8793-470f-9e2b-ccc797828f72</em:DiagramId>
		<em:EntityId>94713080-c872-44f4-afe3-6bf8f9f37259</em:EntityId>
		<em:EntityStyleId>a3ef1614-9743-468f-bc0a-d2c24e937338</em:EntityStyleId>
		<em:X>26962</em:X>
		<em:Y>15993</em:Y>
		<em:Width>2000</em:Width>
		<em:Height>1500</em:Height>
	</em:EntitySymbol>
	<em:EntitySymbol>
		<em:EntitySymbolId>dd5486a6-9740-4b10-aca8-620ea04902c2</em:EntitySymbolId>
		<em:DiagramId>54299b76-8793-470f-9e2b-ccc797828f72</em:DiagramId>
		<em:EntityId>98b29210-6b72-474d-be70-314e457cc554</em:EntityId>
		<em:EntityStyleId>a3ef1614-9743-468f-bc0a-d2c24e937338</em:EntityStyleId>
		<em:X>25862</em:X>
		<em:Y>19093</em:Y>
		<em:Width>1160</em:Width>
		<em:Height>910</em:Height>
	</em:EntitySymbol>
	<em:RelationSymbol>
		<em:RelationSymbolId>03b4fafa-02d4-412c-a524-3c494969e807</em:RelationSymbolId>
		<em:DiagramId>b1572806-2cc3-48c1-95f3-59271126d707</em:DiagramId>
		<em:RelationId>fd5f883a-a43e-4518-ac0b-5905e6227dff</em:RelationId>
		<em:ParentEntitySymbolId>ce824db6-8eeb-477a-a70d-29225ee97440</em:ParentEntitySymbolId>
		<em:ChildEntitySymbolId>29d3ae43-bdb8-4385-b889-72da1a77d4fd</em:ChildEntitySymbolId>
		<em:RelationStyleId>b34790ea-0ce6-41fe-aa05-b72c41a1090f</em:RelationStyleId>
	</em:RelationSymbol>
	<em:RelationSymbol>
		<em:RelationSymbolId>760f3bd5-0e21-4e48-a53a-30b78d250744</em:RelationSymbolId>
		<em:DiagramId>b1572806-2cc3-48c1-95f3-59271126d707</em:DiagramId>
		<em:RelationId>e141b719-b6c3-4f2c-9b76-524b8a10a6df</em:RelationId>
		<em:ParentEntitySymbolId>6d54d9e0-ee6c-480e-8dc3-91feed28bbed</em:ParentEntitySymbolId>
		<em:ChildEntitySymbolId>29d3ae43-bdb8-4385-b889-72da1a77d4fd</em:ChildEntitySymbolId>
		<em:RelationStyleId>b34790ea-0ce6-41fe-aa05-b72c41a1090f</em:RelationStyleId>
	</em:RelationSymbol>
	<em:RelationSymbol>
		<em:RelationSymbolId>999d8ecd-9611-48c9-982a-4b33f3d3426b</em:RelationSymbolId>
		<em:DiagramId>b1572806-2cc3-48c1-95f3-59271126d707</em:DiagramId>
		<em:RelationId>7667a07f-df79-4f87-b5a2-2871419c6ba9</em:RelationId>
		<em:ParentEntitySymbolId>ce824db6-8eeb-477a-a70d-29225ee97440</em:ParentEntitySymbolId>
		<em:ChildEntitySymbolId>3687a9eb-51f3-4083-85f0-d3d1cfd9cc91</em:ChildEntitySymbolId>
		<em:RelationStyleId>b34790ea-0ce6-41fe-aa05-b72c41a1090f</em:RelationStyleId>
	</em:RelationSymbol>
	<em:RelationSymbol>
		<em:RelationSymbolId>cf1bff96-aec6-4f81-a9e4-979de7581c0b</em:RelationSymbolId>
		<em:DiagramId>b1572806-2cc3-48c1-95f3-59271126d707</em:DiagramId>
		<em:RelationId>edb35be5-eba1-4ea2-a34a-0efa9b212f1d</em:RelationId>
		<em:ParentEntitySymbolId>ce824db6-8eeb-477a-a70d-29225ee97440</em:ParentEntitySymbolId>
		<em:ChildEntitySymbolId>a43a85a5-851f-4f14-a8cb-63fb0f336d27</em:ChildEntitySymbolId>
		<em:RelationStyleId>b34790ea-0ce6-41fe-aa05-b72c41a1090f</em:RelationStyleId>
	</em:RelationSymbol>
	<em:RelationSymbol>
		<em:RelationSymbolId>2855259a-1091-4358-8ffa-b0a900c9068a</em:RelationSymbolId>
		<em:DiagramId>b1572806-2cc3-48c1-95f3-59271126d707</em:DiagramId>
		<em:RelationId>6368bd6c-0ef1-42a5-a67f-303dd8f8c4c7</em:RelationId>
		<em:ParentEntitySymbolId>29d3ae43-bdb8-4385-b889-72da1a77d4fd</em:ParentEntitySymbolId>
		<em:ChildEntitySymbolId>d02436b1-328e-49cc-8d03-30abd566dfae</em:ChildEntitySymbolId>
		<em:RelationStyleId>b34790ea-0ce6-41fe-aa05-b72c41a1090f</em:RelationStyleId>
	</em:RelationSymbol>
	<em:RelationSymbol>
		<em:RelationSymbolId>982ba8b3-604f-4b50-8b6d-fc9c86734433</em:RelationSymbolId>
		<em:DiagramId>b1572806-2cc3-48c1-95f3-59271126d707</em:DiagramId>
		<em:RelationId>f855345f-0df1-4703-879d-c5f3e3583c0e</em:RelationId>
		<em:ParentEntitySymbolId>29d3ae43-bdb8-4385-b889-72da1a77d4fd</em:ParentEntitySymbolId>
		<em:ChildEntitySymbolId>7ea35ad6-5577-4149-a3d7-03573151abc0</em:ChildEntitySymbolId>
		<em:RelationStyleId>b34790ea-0ce6-41fe-aa05-b72c41a1090f</em:RelationStyleId>
	</em:RelationSymbol>
	<em:RelationSymbol>
		<em:RelationSymbolId>eccc35fd-d2f7-47bf-ab8e-23564f54bcf9</em:RelationSymbolId>
		<em:DiagramId>b1572806-2cc3-48c1-95f3-59271126d707</em:DiagramId>
		<em:RelationId>a51f7d98-207e-4ab6-92a0-84eb3c609f88</em:RelationId>
		<em:ParentEntitySymbolId>3687a9eb-51f3-4083-85f0-d3d1cfd9cc91</em:ParentEntitySymbolId>
		<em:ChildEntitySymbolId>d02436b1-328e-49cc-8d03-30abd566dfae</em:ChildEntitySymbolId>
		<em:RelationStyleId>b34790ea-0ce6-41fe-aa05-b72c41a1090f</em:RelationStyleId>
	</em:RelationSymbol>
	<em:RelationSymbol>
		<em:RelationSymbolId>e234cff3-113a-46e7-a3b3-bb2219a04876</em:RelationSymbolId>
		<em:DiagramId>b1572806-2cc3-48c1-95f3-59271126d707</em:DiagramId>
		<em:RelationId>09e05e50-ddee-4767-a23e-fcedc05d1a55</em:RelationId>
		<em:ParentEntitySymbolId>a43a85a5-851f-4f14-a8cb-63fb0f336d27</em:ParentEntitySymbolId>
		<em:ChildEntitySymbolId>7ea35ad6-5577-4149-a3d7-03573151abc0</em:ChildEntitySymbolId>
		<em:RelationStyleId>b34790ea-0ce6-41fe-aa05-b72c41a1090f</em:RelationStyleId>
	</em:RelationSymbol>
	<em:RelationSymbol>
		<em:RelationSymbolId>1e164fce-b6bf-4b97-9f64-113d5bfe56a6</em:RelationSymbolId>
		<em:DiagramId>b1572806-2cc3-48c1-95f3-59271126d707</em:DiagramId>
		<em:RelationId>dd19d406-2f2c-4055-ad95-5f3b12ba4458</em:RelationId>
		<em:ParentEntitySymbolId>7ea35ad6-5577-4149-a3d7-03573151abc0</em:ParentEntitySymbolId>
		<em:ChildEntitySymbolId>c0748271-3c8d-4e15-9555-de7ef8b0149f</em:ChildEntitySymbolId>
		<em:RelationStyleId>b34790ea-0ce6-41fe-aa05-b72c41a1090f</em:RelationStyleId>
	</em:RelationSymbol>
	<em:RelationSymbol>
		<em:RelationSymbolId>47a678ec-d70a-4af3-982a-15e9e83df632</em:RelationSymbolId>
		<em:DiagramId>b1572806-2cc3-48c1-95f3-59271126d707</em:DiagramId>
		<em:RelationId>063f8113-1551-4890-a560-4961e24ee1a7</em:RelationId>
		<em:ParentEntitySymbolId>d02436b1-328e-49cc-8d03-30abd566dfae</em:ParentEntitySymbolId>
		<em:ChildEntitySymbolId>c0748271-3c8d-4e15-9555-de7ef8b0149f</em:ChildEntitySymbolId>
		<em:RelationStyleId>b34790ea-0ce6-41fe-aa05-b72c41a1090f</em:RelationStyleId>
	</em:RelationSymbol>
	<em:RelationSymbol>
		<em:RelationSymbolId>25331c68-6770-4574-b910-48ff5eba669e</em:RelationSymbolId>
		<em:DiagramId>b1572806-2cc3-48c1-95f3-59271126d707</em:DiagramId>
		<em:RelationId>c7cff2e5-b74d-42c5-a7b9-177c619a28c3</em:RelationId>
		<em:ParentEntitySymbolId>2c913105-3de2-47b7-8feb-19f0359a8fe4</em:ParentEntitySymbolId>
		<em:ChildEntitySymbolId>c0748271-3c8d-4e15-9555-de7ef8b0149f</em:ChildEntitySymbolId>
		<em:RelationStyleId>b34790ea-0ce6-41fe-aa05-b72c41a1090f</em:RelationStyleId>
	</em:RelationSymbol>
	<em:RelationSymbol>
		<em:RelationSymbolId>9bd7afa8-db61-44a2-bd62-83b02e6219fb</em:RelationSymbolId>
		<em:DiagramId>b1572806-2cc3-48c1-95f3-59271126d707</em:DiagramId>
		<em:RelationId>628b4283-aeba-4ada-a27d-1461896baa4e</em:RelationId>
		<em:ParentEntitySymbolId>d02436b1-328e-49cc-8d03-30abd566dfae</em:ParentEntitySymbolId>
		<em:ChildEntitySymbolId>042c0b2e-21f8-4d5a-a2ed-2f341e68be07</em:ChildEntitySymbolId>
		<em:RelationStyleId>b34790ea-0ce6-41fe-aa05-b72c41a1090f</em:RelationStyleId>
	</em:RelationSymbol>
	<em:RelationSymbol>
		<em:RelationSymbolId>02c1ff59-7588-4d67-8444-ca9a91f11432</em:RelationSymbolId>
		<em:DiagramId>b1572806-2cc3-48c1-95f3-59271126d707</em:DiagramId>
		<em:RelationId>09bcf79d-d673-4196-bffd-8431ed435838</em:RelationId>
		<em:ParentEntitySymbolId>7ea35ad6-5577-4149-a3d7-03573151abc0</em:ParentEntitySymbolId>
		<em:ChildEntitySymbolId>0430c6fa-9787-4716-870b-f4b32e243f87</em:ChildEntitySymbolId>
		<em:RelationStyleId>b34790ea-0ce6-41fe-aa05-b72c41a1090f</em:RelationStyleId>
	</em:RelationSymbol>
	<em:RelationSymbol>
		<em:RelationSymbolId>b3c36dbe-2726-4d72-8211-1e6cfd10419e</em:RelationSymbolId>
		<em:DiagramId>b1572806-2cc3-48c1-95f3-59271126d707</em:DiagramId>
		<em:RelationId>d4a5ac11-8c31-4608-8355-028adffea432</em:RelationId>
		<em:ParentEntitySymbolId>1b25a134-7eac-4e79-9c36-8eea5080f2e0</em:ParentEntitySymbolId>
		<em:ChildEntitySymbolId>0430c6fa-9787-4716-870b-f4b32e243f87</em:ChildEntitySymbolId>
		<em:RelationStyleId>b34790ea-0ce6-41fe-aa05-b72c41a1090f</em:RelationStyleId>
	</em:RelationSymbol>
	<em:RelationSymbol>
		<em:RelationSymbolId>b7f30bcd-6b84-48c7-a4e0-1c2fce280251</em:RelationSymbolId>
		<em:DiagramId>b1572806-2cc3-48c1-95f3-59271126d707</em:DiagramId>
		<em:RelationId>4cc861a1-26d6-4416-9262-01bb7cf1deea</em:RelationId>
		<em:ParentEntitySymbolId>bd9dcf8e-e654-456e-b605-c26b76aaa6d7</em:ParentEntitySymbolId>
		<em:ChildEntitySymbolId>0430c6fa-9787-4716-870b-f4b32e243f87</em:ChildEntitySymbolId>
		<em:RelationStyleId>b34790ea-0ce6-41fe-aa05-b72c41a1090f</em:RelationStyleId>
	</em:RelationSymbol>
	<em:RelationSymbol>
		<em:RelationSymbolId>2452e1a9-ec19-4216-ac6f-229d97899959</em:RelationSymbolId>
		<em:DiagramId>b1572806-2cc3-48c1-95f3-59271126d707</em:DiagramId>
		<em:RelationId>bcbb319b-fd75-4242-9529-890efe489a3f</em:RelationId>
		<em:ParentEntitySymbolId>bd9dcf8e-e654-456e-b605-c26b76aaa6d7</em:ParentEntitySymbolId>
		<em:ChildEntitySymbolId>042c0b2e-21f8-4d5a-a2ed-2f341e68be07</em:ChildEntitySymbolId>
		<em:RelationStyleId>b34790ea-0ce6-41fe-aa05-b72c41a1090f</em:RelationStyleId>
	</em:RelationSymbol>
	<em:RelationSymbol>
		<em:RelationSymbolId>663db690-ed18-40d1-af76-40ae28c005bb</em:RelationSymbolId>
		<em:DiagramId>b1572806-2cc3-48c1-95f3-59271126d707</em:DiagramId>
		<em:RelationId>39648ced-e024-44e0-b1d1-0569c8843bd7</em:RelationId>
		<em:ParentEntitySymbolId>1b25a134-7eac-4e79-9c36-8eea5080f2e0</em:ParentEntitySymbolId>
		<em:ChildEntitySymbolId>042c0b2e-21f8-4d5a-a2ed-2f341e68be07</em:ChildEntitySymbolId>
		<em:RelationStyleId>b34790ea-0ce6-41fe-aa05-b72c41a1090f</em:RelationStyleId>
	</em:RelationSymbol>
	<em:RelationSymbol>
		<em:RelationSymbolId>627f84b0-ad7d-4504-8e28-f3d7fadd481d</em:RelationSymbolId>
		<em:DiagramId>b1572806-2cc3-48c1-95f3-59271126d707</em:DiagramId>
		<em:RelationId>1f2b4973-93a8-4ebe-93a5-e2ace5026754</em:RelationId>
		<em:ParentEntitySymbolId>7ea35ad6-5577-4149-a3d7-03573151abc0</em:ParentEntitySymbolId>
		<em:ChildEntitySymbolId>1b25a134-7eac-4e79-9c36-8eea5080f2e0</em:ChildEntitySymbolId>
		<em:RelationStyleId>b34790ea-0ce6-41fe-aa05-b72c41a1090f</em:RelationStyleId>
	</em:RelationSymbol>
	<em:RelationSymbol>
		<em:RelationSymbolId>98f963cf-cf58-4697-acf5-1b6188571cab</em:RelationSymbolId>
		<em:DiagramId>b1572806-2cc3-48c1-95f3-59271126d707</em:DiagramId>
		<em:RelationId>8e637cdd-69c9-4438-b15c-c634cc7b90db</em:RelationId>
		<em:ParentEntitySymbolId>5a554903-5ec4-4b52-ae75-587344e5a368</em:ParentEntitySymbolId>
		<em:ChildEntitySymbolId>ce824db6-8eeb-477a-a70d-29225ee97440</em:ChildEntitySymbolId>
		<em:RelationStyleId>b34790ea-0ce6-41fe-aa05-b72c41a1090f</em:RelationStyleId>
	</em:RelationSymbol>
	<em:RelationSymbol>
		<em:RelationSymbolId>649a0b96-7189-49a2-80f1-fedc32cdb39d</em:RelationSymbolId>
		<em:DiagramId>b1572806-2cc3-48c1-95f3-59271126d707</em:DiagramId>
		<em:RelationId>e06fc64c-d30a-4fd0-99a2-05c5e9691b4a</em:RelationId>
		<em:ParentEntitySymbolId>2c913105-3de2-47b7-8feb-19f0359a8fe4</em:ParentEntitySymbolId>
		<em:ChildEntitySymbolId>08637f5c-03d6-47bc-a496-b99a8ba587e2</em:ChildEntitySymbolId>
		<em:RelationStyleId>b34790ea-0ce6-41fe-aa05-b72c41a1090f</em:RelationStyleId>
	</em:RelationSymbol>
	<em:RelationSymbol>
		<em:RelationSymbolId>47514e89-4a11-46ed-a138-c3bb369f8755</em:RelationSymbolId>
		<em:DiagramId>b1572806-2cc3-48c1-95f3-59271126d707</em:DiagramId>
		<em:RelationId>bfc57a36-d7d1-4bd6-b42c-8d6b8016d175</em:RelationId>
		<em:ParentEntitySymbolId>ce824db6-8eeb-477a-a70d-29225ee97440</em:ParentEntitySymbolId>
		<em:ChildEntitySymbolId>5a554903-5ec4-4b52-ae75-587344e5a368</em:ChildEntitySymbolId>
		<em:RelationStyleId>b34790ea-0ce6-41fe-aa05-b72c41a1090f</em:RelationStyleId>
	</em:RelationSymbol>
	<em:RelationSymbol>
		<em:RelationSymbolId>e92c5994-3634-43d1-8deb-7345c001f97b</em:RelationSymbolId>
		<em:DiagramId>b1572806-2cc3-48c1-95f3-59271126d707</em:DiagramId>
		<em:RelationId>473cdf4b-7f8e-4b0c-94a0-24c5ac87240f</em:RelationId>
		<em:ParentEntitySymbolId>6d54d9e0-ee6c-480e-8dc3-91feed28bbed</em:ParentEntitySymbolId>
		<em:ChildEntitySymbolId>08637f5c-03d6-47bc-a496-b99a8ba587e2</em:ChildEntitySymbolId>
		<em:RelationStyleId>b34790ea-0ce6-41fe-aa05-b72c41a1090f</em:RelationStyleId>
	</em:RelationSymbol>
	<em:RelationSymbol>
		<em:RelationSymbolId>c9cf5b81-8d60-4374-8147-80cbdd5f926f</em:RelationSymbolId>
		<em:DiagramId>54299b76-8793-470f-9e2b-ccc797828f72</em:DiagramId>
		<em:RelationId>6dcae57f-cdc1-413b-b2fc-2725854ebb53</em:RelationId>
		<em:ParentEntitySymbolId>32095d87-346d-4c01-8929-0c302ab72ce6</em:ParentEntitySymbolId>
		<em:ChildEntitySymbolId>32095d87-346d-4c01-8929-0c302ab72ce6</em:ChildEntitySymbolId>
		<em:RelationStyleId>b34790ea-0ce6-41fe-aa05-b72c41a1090f</em:RelationStyleId>
	</em:RelationSymbol>
	<em:RelationSymbol>
		<em:RelationSymbolId>abb4f5ca-a1b3-44b4-aa6d-238ee49e8695</em:RelationSymbolId>
		<em:DiagramId>54299b76-8793-470f-9e2b-ccc797828f72</em:DiagramId>
		<em:RelationId>10917dac-539e-4a35-b0b1-e8de7dad44ac</em:RelationId>
		<em:ParentEntitySymbolId>314634a8-3ec8-420d-a3c4-193ab8ec270f</em:ParentEntitySymbolId>
		<em:ChildEntitySymbolId>32095d87-346d-4c01-8929-0c302ab72ce6</em:ChildEntitySymbolId>
		<em:RelationStyleId>b34790ea-0ce6-41fe-aa05-b72c41a1090f</em:RelationStyleId>
	</em:RelationSymbol>
	<em:RelationSymbol>
		<em:RelationSymbolId>e50d6bba-e6ef-4304-9f00-a601a43033ee</em:RelationSymbolId>
		<em:DiagramId>54299b76-8793-470f-9e2b-ccc797828f72</em:DiagramId>
		<em:RelationId>e141b719-b6c3-4f2c-9b76-524b8a10a6df</em:RelationId>
		<em:ParentEntitySymbolId>314634a8-3ec8-420d-a3c4-193ab8ec270f</em:ParentEntitySymbolId>
		<em:ChildEntitySymbolId>fabe602e-9861-4e72-bb3c-0b5139062222</em:ChildEntitySymbolId>
		<em:RelationStyleId>b34790ea-0ce6-41fe-aa05-b72c41a1090f</em:RelationStyleId>
	</em:RelationSymbol>
	<em:RelationSymbol>
		<em:RelationSymbolId>94ee6ca6-2ac5-4896-8243-986b0e086b0d</em:RelationSymbolId>
		<em:DiagramId>54299b76-8793-470f-9e2b-ccc797828f72</em:DiagramId>
		<em:RelationId>62714da4-f197-4fd8-ad58-4d3bb53926e1</em:RelationId>
		<em:ParentEntitySymbolId>32095d87-346d-4c01-8929-0c302ab72ce6</em:ParentEntitySymbolId>
		<em:ChildEntitySymbolId>4f45b25b-b551-4a6f-8d24-21cdaee1f791</em:ChildEntitySymbolId>
		<em:RelationStyleId>b34790ea-0ce6-41fe-aa05-b72c41a1090f</em:RelationStyleId>
	</em:RelationSymbol>
	<em:RelationSymbol>
		<em:RelationSymbolId>bbe1c720-ca22-45a3-a224-dee1c41451a5</em:RelationSymbolId>
		<em:DiagramId>54299b76-8793-470f-9e2b-ccc797828f72</em:DiagramId>
		<em:RelationId>5995ddd6-696f-48d3-8037-74d4df064d56</em:RelationId>
		<em:ParentEntitySymbolId>fabe602e-9861-4e72-bb3c-0b5139062222</em:ParentEntitySymbolId>
		<em:ChildEntitySymbolId>4f45b25b-b551-4a6f-8d24-21cdaee1f791</em:ChildEntitySymbolId>
		<em:RelationStyleId>b34790ea-0ce6-41fe-aa05-b72c41a1090f</em:RelationStyleId>
	</em:RelationSymbol>
	<em:RelationSymbol>
		<em:RelationSymbolId>b27f6092-e73b-48b1-926d-61d96310f2a9</em:RelationSymbolId>
		<em:DiagramId>54299b76-8793-470f-9e2b-ccc797828f72</em:DiagramId>
		<em:RelationId>f855345f-0df1-4703-879d-c5f3e3583c0e</em:RelationId>
		<em:ParentEntitySymbolId>fabe602e-9861-4e72-bb3c-0b5139062222</em:ParentEntitySymbolId>
		<em:ChildEntitySymbolId>77ac1ea4-1316-4b57-9cc0-c0738fdda7bb</em:ChildEntitySymbolId>
		<em:RelationStyleId>b34790ea-0ce6-41fe-aa05-b72c41a1090f</em:RelationStyleId>
	</em:RelationSymbol>
	<em:RelationSymbol>
		<em:RelationSymbolId>a15132d4-f754-4a79-87b8-9abdd3780baa</em:RelationSymbolId>
		<em:DiagramId>54299b76-8793-470f-9e2b-ccc797828f72</em:DiagramId>
		<em:RelationId>6368bd6c-0ef1-42a5-a67f-303dd8f8c4c7</em:RelationId>
		<em:ParentEntitySymbolId>fabe602e-9861-4e72-bb3c-0b5139062222</em:ParentEntitySymbolId>
		<em:ChildEntitySymbolId>82414030-b8a4-4b6e-b64d-27f68f77cc2b</em:ChildEntitySymbolId>
		<em:RelationStyleId>b34790ea-0ce6-41fe-aa05-b72c41a1090f</em:RelationStyleId>
	</em:RelationSymbol>
	<em:RelationSymbol>
		<em:RelationSymbolId>2f831e26-5c97-41c1-8fe1-52240ee3b9f7</em:RelationSymbolId>
		<em:DiagramId>54299b76-8793-470f-9e2b-ccc797828f72</em:DiagramId>
		<em:RelationId>09bcf79d-d673-4196-bffd-8431ed435838</em:RelationId>
		<em:ParentEntitySymbolId>77ac1ea4-1316-4b57-9cc0-c0738fdda7bb</em:ParentEntitySymbolId>
		<em:ChildEntitySymbolId>c819648c-30f5-424a-868b-a2c1c3e6624f</em:ChildEntitySymbolId>
		<em:RelationStyleId>b34790ea-0ce6-41fe-aa05-b72c41a1090f</em:RelationStyleId>
	</em:RelationSymbol>
	<em:RelationSymbol>
		<em:RelationSymbolId>3162c053-6f3e-49b6-9f79-97dba804b2a6</em:RelationSymbolId>
		<em:DiagramId>54299b76-8793-470f-9e2b-ccc797828f72</em:DiagramId>
		<em:RelationId>628b4283-aeba-4ada-a27d-1461896baa4e</em:RelationId>
		<em:ParentEntitySymbolId>82414030-b8a4-4b6e-b64d-27f68f77cc2b</em:ParentEntitySymbolId>
		<em:ChildEntitySymbolId>488feb9d-d2bf-4104-90ef-f8996fb9a3d2</em:ChildEntitySymbolId>
		<em:RelationStyleId>b34790ea-0ce6-41fe-aa05-b72c41a1090f</em:RelationStyleId>
	</em:RelationSymbol>
	<em:RelationSymbol>
		<em:RelationSymbolId>9f2c9a52-9454-4d61-a0d0-c4b6153a4ff2</em:RelationSymbolId>
		<em:DiagramId>54299b76-8793-470f-9e2b-ccc797828f72</em:DiagramId>
		<em:RelationId>68028407-7653-40c5-a093-d2c3cca54bdd</em:RelationId>
		<em:ParentEntitySymbolId>4f45b25b-b551-4a6f-8d24-21cdaee1f791</em:ParentEntitySymbolId>
		<em:ChildEntitySymbolId>c819648c-30f5-424a-868b-a2c1c3e6624f</em:ChildEntitySymbolId>
		<em:RelationStyleId>b34790ea-0ce6-41fe-aa05-b72c41a1090f</em:RelationStyleId>
	</em:RelationSymbol>
	<em:RelationSymbol>
		<em:RelationSymbolId>8d380f8b-ead7-49e3-9dec-fe0b6d70c3e8</em:RelationSymbolId>
		<em:DiagramId>54299b76-8793-470f-9e2b-ccc797828f72</em:DiagramId>
		<em:RelationId>6864077f-9b2c-44f9-b43d-87ea91c310fc</em:RelationId>
		<em:ParentEntitySymbolId>4f45b25b-b551-4a6f-8d24-21cdaee1f791</em:ParentEntitySymbolId>
		<em:ChildEntitySymbolId>488feb9d-d2bf-4104-90ef-f8996fb9a3d2</em:ChildEntitySymbolId>
		<em:RelationStyleId>b34790ea-0ce6-41fe-aa05-b72c41a1090f</em:RelationStyleId>
	</em:RelationSymbol>
	<em:RelationSymbol>
		<em:RelationSymbolId>bfe4a4e4-1a14-493d-9655-300a0102af6b</em:RelationSymbolId>
		<em:DiagramId>54299b76-8793-470f-9e2b-ccc797828f72</em:DiagramId>
		<em:RelationId>d0e54175-eba3-45ec-8cad-38e647b0beaa</em:RelationId>
		<em:ParentEntitySymbolId>f88d69aa-2253-4434-abb5-4279a334b68b</em:ParentEntitySymbolId>
		<em:ChildEntitySymbolId>c819648c-30f5-424a-868b-a2c1c3e6624f</em:ChildEntitySymbolId>
		<em:RelationStyleId>b34790ea-0ce6-41fe-aa05-b72c41a1090f</em:RelationStyleId>
	</em:RelationSymbol>
	<em:RelationSymbol>
		<em:RelationSymbolId>4f479c6b-76b9-4f83-b82d-f52b3ba78257</em:RelationSymbolId>
		<em:DiagramId>54299b76-8793-470f-9e2b-ccc797828f72</em:DiagramId>
		<em:RelationId>f822668e-6529-41a7-815e-7639f811a0b9</em:RelationId>
		<em:ParentEntitySymbolId>f88d69aa-2253-4434-abb5-4279a334b68b</em:ParentEntitySymbolId>
		<em:ChildEntitySymbolId>488feb9d-d2bf-4104-90ef-f8996fb9a3d2</em:ChildEntitySymbolId>
		<em:RelationStyleId>b34790ea-0ce6-41fe-aa05-b72c41a1090f</em:RelationStyleId>
	</em:RelationSymbol>
	<em:RelationSymbol>
		<em:RelationSymbolId>bc0af4a7-eb41-4dbd-ab5b-f39b201c5a4b</em:RelationSymbolId>
		<em:DiagramId>54299b76-8793-470f-9e2b-ccc797828f72</em:DiagramId>
		<em:RelationId>4cc861a1-26d6-4416-9262-01bb7cf1deea</em:RelationId>
		<em:ParentEntitySymbolId>907d37e6-550d-453b-8af4-90fd4d3d177b</em:ParentEntitySymbolId>
		<em:ChildEntitySymbolId>c819648c-30f5-424a-868b-a2c1c3e6624f</em:ChildEntitySymbolId>
		<em:RelationStyleId>b34790ea-0ce6-41fe-aa05-b72c41a1090f</em:RelationStyleId>
	</em:RelationSymbol>
	<em:RelationSymbol>
		<em:RelationSymbolId>3870ae82-907f-4fab-bf59-4ddb81e45e8a</em:RelationSymbolId>
		<em:DiagramId>54299b76-8793-470f-9e2b-ccc797828f72</em:DiagramId>
		<em:RelationId>bcbb319b-fd75-4242-9529-890efe489a3f</em:RelationId>
		<em:ParentEntitySymbolId>907d37e6-550d-453b-8af4-90fd4d3d177b</em:ParentEntitySymbolId>
		<em:ChildEntitySymbolId>488feb9d-d2bf-4104-90ef-f8996fb9a3d2</em:ChildEntitySymbolId>
		<em:RelationStyleId>b34790ea-0ce6-41fe-aa05-b72c41a1090f</em:RelationStyleId>
	</em:RelationSymbol>
	<em:RelationSymbol>
		<em:RelationSymbolId>5b21f74d-d21a-4d48-bce1-035ec2f9acac</em:RelationSymbolId>
		<em:DiagramId>54299b76-8793-470f-9e2b-ccc797828f72</em:DiagramId>
		<em:RelationId>4a42e26e-d07c-4025-843e-b76170fb2cc3</em:RelationId>
		<em:ParentEntitySymbolId>4f45b25b-b551-4a6f-8d24-21cdaee1f791</em:ParentEntitySymbolId>
		<em:ChildEntitySymbolId>907d37e6-550d-453b-8af4-90fd4d3d177b</em:ChildEntitySymbolId>
		<em:RelationStyleId>b34790ea-0ce6-41fe-aa05-b72c41a1090f</em:RelationStyleId>
	</em:RelationSymbol>
	<em:RelationSymbol>
		<em:RelationSymbolId>11f93293-9bfd-44ae-98b8-ce0a729bb336</em:RelationSymbolId>
		<em:DiagramId>54299b76-8793-470f-9e2b-ccc797828f72</em:DiagramId>
		<em:RelationId>5fcec787-7d83-45de-bccc-f1238b8200de</em:RelationId>
		<em:ParentEntitySymbolId>c819648c-30f5-424a-868b-a2c1c3e6624f</em:ParentEntitySymbolId>
		<em:ChildEntitySymbolId>dd5486a6-9740-4b10-aca8-620ea04902c2</em:ChildEntitySymbolId>
		<em:RelationStyleId>b34790ea-0ce6-41fe-aa05-b72c41a1090f</em:RelationStyleId>
	</em:RelationSymbol>
	<em:RelationSymbol>
		<em:RelationSymbolId>175c1c07-626b-4c3c-874f-c6d1a0cc03b1</em:RelationSymbolId>
		<em:DiagramId>54299b76-8793-470f-9e2b-ccc797828f72</em:DiagramId>
		<em:RelationId>654d0393-d1d6-419d-861c-a4d834dc2df4</em:RelationId>
		<em:ParentEntitySymbolId>488feb9d-d2bf-4104-90ef-f8996fb9a3d2</em:ParentEntitySymbolId>
		<em:ChildEntitySymbolId>dd5486a6-9740-4b10-aca8-620ea04902c2</em:ChildEntitySymbolId>
		<em:RelationStyleId>b34790ea-0ce6-41fe-aa05-b72c41a1090f</em:RelationStyleId>
	</em:RelationSymbol>
	<em:RelationSymbolPoint>
		<em:RelationSymbolId>03b4fafa-02d4-412c-a524-3c494969e807</em:RelationSymbolId>
		<em:Order>0</em:Order>
		<em:X>22710</em:X>
		<em:Y>21121</em:Y>
	</em:RelationSymbolPoint>
	<em:RelationSymbolPoint>
		<em:RelationSymbolId>760f3bd5-0e21-4e48-a53a-30b78d250744</em:RelationSymbolId>
		<em:Order>0</em:Order>
		<em:X>25559</em:X>
		<em:Y>22879</em:Y>
	</em:RelationSymbolPoint>
	<em:RelationSymbolPoint>
		<em:RelationSymbolId>760f3bd5-0e21-4e48-a53a-30b78d250744</em:RelationSymbolId>
		<em:Order>2</em:Order>
		<em:X>28123</em:X>
		<em:Y>21003</em:Y>
	</em:RelationSymbolPoint>
	<em:RelationSymbolPoint>
		<em:RelationSymbolId>999d8ecd-9611-48c9-982a-4b33f3d3426b</em:RelationSymbolId>
		<em:Order>0</em:Order>
		<em:X>23978</em:X>
		<em:Y>20173</em:Y>
	</em:RelationSymbolPoint>
	<em:RelationSymbolPoint>
		<em:RelationSymbolId>cf1bff96-aec6-4f81-a9e4-979de7581c0b</em:RelationSymbolId>
		<em:Order>0</em:Order>
		<em:X>21317</em:X>
		<em:Y>20280</em:Y>
	</em:RelationSymbolPoint>
	<em:RelationSymbolPoint>
		<em:RelationSymbolId>760f3bd5-0e21-4e48-a53a-30b78d250744</em:RelationSymbolId>
		<em:Order>1</em:Order>
		<em:X>28123</em:X>
		<em:Y>22879</em:Y>
	</em:RelationSymbolPoint>
	<em:RelationSymbolPoint>
		<em:RelationSymbolId>2855259a-1091-4358-8ffa-b0a900c9068a</em:RelationSymbolId>
		<em:Order>0</em:Order>
		<em:X>27134</em:X>
		<em:Y>21017</em:Y>
	</em:RelationSymbolPoint>
	<em:RelationSymbolPoint>
		<em:RelationSymbolId>982ba8b3-604f-4b50-8b6d-fc9c86734433</em:RelationSymbolId>
		<em:Order>0</em:Order>
		<em:X>28996</em:X>
		<em:Y>21117</em:Y>
	</em:RelationSymbolPoint>
	<em:RelationSymbolPoint>
		<em:RelationSymbolId>eccc35fd-d2f7-47bf-ab8e-23564f54bcf9</em:RelationSymbolId>
		<em:Order>0</em:Order>
		<em:X>23820</em:X>
		<em:Y>18449</em:Y>
	</em:RelationSymbolPoint>
	<em:RelationSymbolPoint>
		<em:RelationSymbolId>e234cff3-113a-46e7-a3b3-bb2219a04876</em:RelationSymbolId>
		<em:Order>0</em:Order>
		<em:X>21919</em:X>
		<em:Y>16560</em:Y>
	</em:RelationSymbolPoint>
	<em:RelationSymbolPoint>
		<em:RelationSymbolId>03b4fafa-02d4-412c-a524-3c494969e807</em:RelationSymbolId>
		<em:Order>1</em:Order>
		<em:X>27632</em:X>
		<em:Y>21121</em:Y>
	</em:RelationSymbolPoint>
	<em:RelationSymbolPoint>
		<em:RelationSymbolId>1e164fce-b6bf-4b97-9f64-113d5bfe56a6</em:RelationSymbolId>
		<em:Order>0</em:Order>
		<em:X>28407</em:X>
		<em:Y>16967</em:Y>
	</em:RelationSymbolPoint>
	<em:RelationSymbolPoint>
		<em:RelationSymbolId>47a678ec-d70a-4af3-982a-15e9e83df632</em:RelationSymbolId>
		<em:Order>0</em:Order>
		<em:X>26987</em:X>
		<em:Y>17927</em:Y>
	</em:RelationSymbolPoint>
	<em:RelationSymbolPoint>
		<em:RelationSymbolId>25331c68-6770-4574-b910-48ff5eba669e</em:RelationSymbolId>
		<em:Order>0</em:Order>
		<em:X>33147</em:X>
		<em:Y>20847</em:Y>
	</em:RelationSymbolPoint>
	<em:RelationSymbolPoint>
		<em:RelationSymbolId>eccc35fd-d2f7-47bf-ab8e-23564f54bcf9</em:RelationSymbolId>
		<em:Order>1</em:Order>
		<em:X>26967</em:X>
		<em:Y>18449</em:Y>
	</em:RelationSymbolPoint>
	<em:RelationSymbolPoint>
		<em:RelationSymbolId>e234cff3-113a-46e7-a3b3-bb2219a04876</em:RelationSymbolId>
		<em:Order>1</em:Order>
		<em:X>28447</em:X>
		<em:Y>16560</em:Y>
	</em:RelationSymbolPoint>
	<em:RelationSymbolPoint>
		<em:RelationSymbolId>982ba8b3-604f-4b50-8b6d-fc9c86734433</em:RelationSymbolId>
		<em:Order>1</em:Order>
		<em:X>28996</em:X>
		<em:Y>16567</em:Y>
	</em:RelationSymbolPoint>
	<em:RelationSymbolPoint>
		<em:RelationSymbolId>999d8ecd-9611-48c9-982a-4b33f3d3426b</em:RelationSymbolId>
		<em:Order>1</em:Order>
		<em:X>23978</em:X>
		<em:Y>18422</em:Y>
	</em:RelationSymbolPoint>
	<em:RelationSymbolPoint>
		<em:RelationSymbolId>cf1bff96-aec6-4f81-a9e4-979de7581c0b</em:RelationSymbolId>
		<em:Order>1</em:Order>
		<em:X>21317</em:X>
		<em:Y>16578</em:Y>
	</em:RelationSymbolPoint>
	<em:RelationSymbolPoint>
		<em:RelationSymbolId>2855259a-1091-4358-8ffa-b0a900c9068a</em:RelationSymbolId>
		<em:Order>1</em:Order>
		<em:X>27134</em:X>
		<em:Y>18407</em:Y>
	</em:RelationSymbolPoint>
	<em:RelationSymbolPoint>
		<em:RelationSymbolId>25331c68-6770-4574-b910-48ff5eba669e</em:RelationSymbolId>
		<em:Order>1</em:Order>
		<em:X>33147</em:X>
		<em:Y>17447</em:Y>
	</em:RelationSymbolPoint>
	<em:RelationSymbolPoint>
		<em:RelationSymbolId>1e164fce-b6bf-4b97-9f64-113d5bfe56a6</em:RelationSymbolId>
		<em:Order>1</em:Order>
		<em:X>33127</em:X>
		<em:Y>16967</em:Y>
	</em:RelationSymbolPoint>
	<em:RelationSymbolPoint>
		<em:RelationSymbolId>47a678ec-d70a-4af3-982a-15e9e83df632</em:RelationSymbolId>
		<em:Order>1</em:Order>
		<em:X>33167</em:X>
		<em:Y>17927</em:Y>
	</em:RelationSymbolPoint>
	<em:RelationSymbolPoint>
		<em:RelationSymbolId>9bd7afa8-db61-44a2-bd62-83b02e6219fb</em:RelationSymbolId>
		<em:Order>0</em:Order>
		<em:X>26360</em:X>
		<em:Y>18329</em:Y>
	</em:RelationSymbolPoint>
	<em:RelationSymbolPoint>
		<em:RelationSymbolId>02c1ff59-7588-4d67-8444-ca9a91f11432</em:RelationSymbolId>
		<em:Order>0</em:Order>
		<em:X>28559</em:X>
		<em:Y>16400</em:Y>
	</em:RelationSymbolPoint>
	<em:RelationSymbolPoint>
		<em:RelationSymbolId>b3c36dbe-2726-4d72-8211-1e6cfd10419e</em:RelationSymbolId>
		<em:Order>0</em:Order>
		<em:X>32275</em:X>
		<em:Y>13018</em:Y>
	</em:RelationSymbolPoint>
	<em:RelationSymbolPoint>
		<em:RelationSymbolId>b3c36dbe-2726-4d72-8211-1e6cfd10419e</em:RelationSymbolId>
		<em:Order>1</em:Order>
		<em:X>28647</em:X>
		<em:Y>13018</em:Y>
	</em:RelationSymbolPoint>
	<em:RelationSymbolPoint>
		<em:RelationSymbolId>b7f30bcd-6b84-48c7-a4e0-1c2fce280251</em:RelationSymbolId>
		<em:Order>0</em:Order>
		<em:X>22360</em:X>
		<em:Y>13024</em:Y>
	</em:RelationSymbolPoint>
	<em:RelationSymbolPoint>
		<em:RelationSymbolId>b7f30bcd-6b84-48c7-a4e0-1c2fce280251</em:RelationSymbolId>
		<em:Order>1</em:Order>
		<em:X>28567</em:X>
		<em:Y>13024</em:Y>
	</em:RelationSymbolPoint>
	<em:RelationSymbolPoint>
		<em:RelationSymbolId>2452e1a9-ec19-4216-ac6f-229d97899959</em:RelationSymbolId>
		<em:Order>0</em:Order>
		<em:X>22223</em:X>
		<em:Y>14434</em:Y>
	</em:RelationSymbolPoint>
	<em:RelationSymbolPoint>
		<em:RelationSymbolId>2452e1a9-ec19-4216-ac6f-229d97899959</em:RelationSymbolId>
		<em:Order>1</em:Order>
		<em:X>26087</em:X>
		<em:Y>14434</em:Y>
	</em:RelationSymbolPoint>
	<em:RelationSymbolPoint>
		<em:RelationSymbolId>663db690-ed18-40d1-af76-40ae28c005bb</em:RelationSymbolId>
		<em:Order>0</em:Order>
		<em:X>32368</em:X>
		<em:Y>14467</em:Y>
	</em:RelationSymbolPoint>
	<em:RelationSymbolPoint>
		<em:RelationSymbolId>663db690-ed18-40d1-af76-40ae28c005bb</em:RelationSymbolId>
		<em:Order>1</em:Order>
		<em:X>26107</em:X>
		<em:Y>14467</em:Y>
	</em:RelationSymbolPoint>
	<em:RelationSymbolPoint>
		<em:RelationSymbolId>627f84b0-ad7d-4504-8e28-f3d7fadd481d</em:RelationSymbolId>
		<em:Order>0</em:Order>
		<em:X>28907</em:X>
		<em:Y>16027</em:Y>
	</em:RelationSymbolPoint>
	<em:RelationSymbolPoint>
		<em:RelationSymbolId>627f84b0-ad7d-4504-8e28-f3d7fadd481d</em:RelationSymbolId>
		<em:Order>2</em:Order>
		<em:X>31627</em:X>
		<em:Y>13772</em:Y>
	</em:RelationSymbolPoint>
	<em:RelationSymbolPoint>
		<em:RelationSymbolId>98f963cf-cf58-4697-acf5-1b6188571cab</em:RelationSymbolId>
		<em:Order>0</em:Order>
		<em:X>18367</em:X>
		<em:Y>21527</em:Y>
	</em:RelationSymbolPoint>
	<em:RelationSymbolPoint>
		<em:RelationSymbolId>98f963cf-cf58-4697-acf5-1b6188571cab</em:RelationSymbolId>
		<em:Order>1</em:Order>
		<em:X>22477</em:X>
		<em:Y>21527</em:Y>
	</em:RelationSymbolPoint>
	<em:RelationSymbolPoint>
		<em:RelationSymbolId>649a0b96-7189-49a2-80f1-fedc32cdb39d</em:RelationSymbolId>
		<em:Order>0</em:Order>
		<em:X>33147</em:X>
		<em:Y>20847</em:Y>
	</em:RelationSymbolPoint>
	<em:RelationSymbolPoint>
		<em:RelationSymbolId>649a0b96-7189-49a2-80f1-fedc32cdb39d</em:RelationSymbolId>
		<em:Order>1</em:Order>
		<em:X>33147</em:X>
		<em:Y>23647</em:Y>
	</em:RelationSymbolPoint>
	<em:RelationSymbolPoint>
		<em:RelationSymbolId>47514e89-4a11-46ed-a138-c3bb369f8755</em:RelationSymbolId>
		<em:Order>0</em:Order>
		<em:X>22597</em:X>
		<em:Y>20747</em:Y>
	</em:RelationSymbolPoint>
	<em:RelationSymbolPoint>
		<em:RelationSymbolId>47514e89-4a11-46ed-a138-c3bb369f8755</em:RelationSymbolId>
		<em:Order>1</em:Order>
		<em:X>18487</em:X>
		<em:Y>20747</em:Y>
	</em:RelationSymbolPoint>
	<em:RelationSymbolPoint>
		<em:RelationSymbolId>e92c5994-3634-43d1-8deb-7345c001f97b</em:RelationSymbolId>
		<em:Order>0</em:Order>
		<em:X>24794</em:X>
		<em:Y>23177</em:Y>
	</em:RelationSymbolPoint>
	<em:RelationSymbolPoint>
		<em:RelationSymbolId>e92c5994-3634-43d1-8deb-7345c001f97b</em:RelationSymbolId>
		<em:Order>1</em:Order>
		<em:X>33187</em:X>
		<em:Y>23177</em:Y>
	</em:RelationSymbolPoint>
	<em:RelationSymbolPoint>
		<em:RelationSymbolId>627f84b0-ad7d-4504-8e28-f3d7fadd481d</em:RelationSymbolId>
		<em:Order>1</em:Order>
		<em:X>31627</em:X>
		<em:Y>16027</em:Y>
	</em:RelationSymbolPoint>
	<em:RelationSymbolPoint>
		<em:RelationSymbolId>02c1ff59-7588-4d67-8444-ca9a91f11432</em:RelationSymbolId>
		<em:Order>1</em:Order>
		<em:X>28559</em:X>
		<em:Y>13347</em:Y>
	</em:RelationSymbolPoint>
	<em:RelationSymbolPoint>
		<em:RelationSymbolId>9bd7afa8-db61-44a2-bd62-83b02e6219fb</em:RelationSymbolId>
		<em:Order>1</em:Order>
		<em:X>26360</em:X>
		<em:Y>13967</em:Y>
	</em:RelationSymbolPoint>
	<em:RelationSymbolPoint>
		<em:RelationSymbolId>c9cf5b81-8d60-4374-8147-80cbdd5f926f</em:RelationSymbolId>
		<em:Order>0</em:Order>
		<em:X>23647</em:X>
		<em:Y>14103</em:Y>
	</em:RelationSymbolPoint>
	<em:RelationSymbolPoint>
		<em:RelationSymbolId>c9cf5b81-8d60-4374-8147-80cbdd5f926f</em:RelationSymbolId>
		<em:Order>1</em:Order>
		<em:X>23647</em:X>
		<em:Y>12793</em:Y>
	</em:RelationSymbolPoint>
	<em:RelationSymbolPoint>
		<em:RelationSymbolId>c9cf5b81-8d60-4374-8147-80cbdd5f926f</em:RelationSymbolId>
		<em:Order>2</em:Order>
		<em:X>25077</em:X>
		<em:Y>12793</em:Y>
	</em:RelationSymbolPoint>
	<em:RelationSymbolPoint>
		<em:RelationSymbolId>c9cf5b81-8d60-4374-8147-80cbdd5f926f</em:RelationSymbolId>
		<em:Order>3</em:Order>
		<em:X>25077</em:X>
		<em:Y>14043</em:Y>
	</em:RelationSymbolPoint>
	<em:RelationSymbolPoint>
		<em:RelationSymbolId>abb4f5ca-a1b3-44b4-aa6d-238ee49e8695</em:RelationSymbolId>
		<em:Order>0</em:Order>
		<em:X>19762</em:X>
		<em:Y>13963</em:Y>
	</em:RelationSymbolPoint>
	<em:RelationSymbolPoint>
		<em:RelationSymbolId>abb4f5ca-a1b3-44b4-aa6d-238ee49e8695</em:RelationSymbolId>
		<em:Order>1</em:Order>
		<em:X>24362</em:X>
		<em:Y>13963</em:Y>
	</em:RelationSymbolPoint>
	<em:RelationSymbolPoint>
		<em:RelationSymbolId>e50d6bba-e6ef-4304-9f00-a601a43033ee</em:RelationSymbolId>
		<em:Order>0</em:Order>
		<em:X>19762</em:X>
		<em:Y>13963</em:Y>
	</em:RelationSymbolPoint>
	<em:RelationSymbolPoint>
		<em:RelationSymbolId>e50d6bba-e6ef-4304-9f00-a601a43033ee</em:RelationSymbolId>
		<em:Order>1</em:Order>
		<em:X>19762</em:X>
		<em:Y>16743</em:Y>
	</em:RelationSymbolPoint>
	<em:RelationSymbolPoint>
		<em:RelationSymbolId>94ee6ca6-2ac5-4896-8243-986b0e086b0d</em:RelationSymbolId>
		<em:Order>0</em:Order>
		<em:X>24362</em:X>
		<em:Y>14043</em:Y>
	</em:RelationSymbolPoint>
	<em:RelationSymbolPoint>
		<em:RelationSymbolId>94ee6ca6-2ac5-4896-8243-986b0e086b0d</em:RelationSymbolId>
		<em:Order>1</em:Order>
		<em:X>24362</em:X>
		<em:Y>16743</em:Y>
	</em:RelationSymbolPoint>
	<em:RelationSymbolPoint>
		<em:RelationSymbolId>bbe1c720-ca22-45a3-a224-dee1c41451a5</em:RelationSymbolId>
		<em:Order>0</em:Order>
		<em:X>19822</em:X>
		<em:Y>16743</em:Y>
	</em:RelationSymbolPoint>
	<em:RelationSymbolPoint>
		<em:RelationSymbolId>bbe1c720-ca22-45a3-a224-dee1c41451a5</em:RelationSymbolId>
		<em:Order>1</em:Order>
		<em:X>24382</em:X>
		<em:Y>16743</em:Y>
	</em:RelationSymbolPoint>
	<em:RelationSymbolPoint>
		<em:RelationSymbolId>b27f6092-e73b-48b1-926d-61d96310f2a9</em:RelationSymbolId>
		<em:Order>0</em:Order>
		<em:X>20442</em:X>
		<em:Y>16763</em:Y>
	</em:RelationSymbolPoint>
	<em:RelationSymbolPoint>
		<em:RelationSymbolId>b27f6092-e73b-48b1-926d-61d96310f2a9</em:RelationSymbolId>
		<em:Order>1</em:Order>
		<em:X>20442</em:X>
		<em:Y>19463</em:Y>
	</em:RelationSymbolPoint>
	<em:RelationSymbolPoint>
		<em:RelationSymbolId>a15132d4-f754-4a79-87b8-9abdd3780baa</em:RelationSymbolId>
		<em:Order>0</em:Order>
		<em:X>19002</em:X>
		<em:Y>16743</em:Y>
	</em:RelationSymbolPoint>
	<em:RelationSymbolPoint>
		<em:RelationSymbolId>a15132d4-f754-4a79-87b8-9abdd3780baa</em:RelationSymbolId>
		<em:Order>1</em:Order>
		<em:X>19002</em:X>
		<em:Y>21483</em:Y>
	</em:RelationSymbolPoint>
	<em:RelationSymbolPoint>
		<em:RelationSymbolId>2f831e26-5c97-41c1-8fe1-52240ee3b9f7</em:RelationSymbolId>
		<em:Order>0</em:Order>
		<em:X>20422</em:X>
		<em:Y>19443</em:Y>
	</em:RelationSymbolPoint>
	<em:RelationSymbolPoint>
		<em:RelationSymbolId>2f831e26-5c97-41c1-8fe1-52240ee3b9f7</em:RelationSymbolId>
		<em:Order>1</em:Order>
		<em:X>23662</em:X>
		<em:Y>19443</em:Y>
	</em:RelationSymbolPoint>
	<em:RelationSymbolPoint>
		<em:RelationSymbolId>3162c053-6f3e-49b6-9f79-97dba804b2a6</em:RelationSymbolId>
		<em:Order>0</em:Order>
		<em:X>19282</em:X>
		<em:Y>21903</em:Y>
	</em:RelationSymbolPoint>
	<em:RelationSymbolPoint>
		<em:RelationSymbolId>3162c053-6f3e-49b6-9f79-97dba804b2a6</em:RelationSymbolId>
		<em:Order>1</em:Order>
		<em:X>25822</em:X>
		<em:Y>21903</em:Y>
	</em:RelationSymbolPoint>
	<em:RelationSymbolPoint>
		<em:RelationSymbolId>9f2c9a52-9454-4d61-a0d0-c4b6153a4ff2</em:RelationSymbolId>
		<em:Order>0</em:Order>
		<em:X>23762</em:X>
		<em:Y>16743</em:Y>
	</em:RelationSymbolPoint>
	<em:RelationSymbolPoint>
		<em:RelationSymbolId>9f2c9a52-9454-4d61-a0d0-c4b6153a4ff2</em:RelationSymbolId>
		<em:Order>1</em:Order>
		<em:X>23762</em:X>
		<em:Y>19383</em:Y>
	</em:RelationSymbolPoint>
	<em:RelationSymbolPoint>
		<em:RelationSymbolId>8d380f8b-ead7-49e3-9dec-fe0b6d70c3e8</em:RelationSymbolId>
		<em:Order>0</em:Order>
		<em:X>25042</em:X>
		<em:Y>16743</em:Y>
	</em:RelationSymbolPoint>
	<em:RelationSymbolPoint>
		<em:RelationSymbolId>8d380f8b-ead7-49e3-9dec-fe0b6d70c3e8</em:RelationSymbolId>
		<em:Order>1</em:Order>
		<em:X>25042</em:X>
		<em:Y>21403</em:Y>
	</em:RelationSymbolPoint>
	<em:RelationSymbolPoint>
		<em:RelationSymbolId>bfe4a4e4-1a14-493d-9655-300a0102af6b</em:RelationSymbolId>
		<em:Order>0</em:Order>
		<em:X>23162</em:X>
		<em:Y>23803</em:Y>
	</em:RelationSymbolPoint>
	<em:RelationSymbolPoint>
		<em:RelationSymbolId>bfe4a4e4-1a14-493d-9655-300a0102af6b</em:RelationSymbolId>
		<em:Order>1</em:Order>
		<em:X>23162</em:X>
		<em:Y>19383</em:Y>
	</em:RelationSymbolPoint>
	<em:RelationSymbolPoint>
		<em:RelationSymbolId>4f479c6b-76b9-4f83-b82d-f52b3ba78257</em:RelationSymbolId>
		<em:Order>0</em:Order>
		<em:X>24862</em:X>
		<em:Y>23903</em:Y>
	</em:RelationSymbolPoint>
	<em:RelationSymbolPoint>
		<em:RelationSymbolId>4f479c6b-76b9-4f83-b82d-f52b3ba78257</em:RelationSymbolId>
		<em:Order>1</em:Order>
		<em:X>24862</em:X>
		<em:Y>21403</em:Y>
	</em:RelationSymbolPoint>
	<em:RelationSymbolPoint>
		<em:RelationSymbolId>bc0af4a7-eb41-4dbd-ab5b-f39b201c5a4b</em:RelationSymbolId>
		<em:Order>0</em:Order>
		<em:X>27322</em:X>
		<em:Y>16763</em:Y>
	</em:RelationSymbolPoint>
	<em:RelationSymbolPoint>
		<em:RelationSymbolId>3870ae82-907f-4fab-bf59-4ddb81e45e8a</em:RelationSymbolId>
		<em:Order>0</em:Order>
		<em:X>28502</em:X>
		<em:Y>16803</em:Y>
	</em:RelationSymbolPoint>
	<em:RelationSymbolPoint>
		<em:RelationSymbolId>3870ae82-907f-4fab-bf59-4ddb81e45e8a</em:RelationSymbolId>
		<em:Order>2</em:Order>
		<em:X>25902</em:X>
		<em:Y>21473</em:Y>
	</em:RelationSymbolPoint>
	<em:RelationSymbolPoint>
		<em:RelationSymbolId>3870ae82-907f-4fab-bf59-4ddb81e45e8a</em:RelationSymbolId>
		<em:Order>1</em:Order>
		<em:X>28502</em:X>
		<em:Y>21473</em:Y>
	</em:RelationSymbolPoint>
	<em:RelationSymbolPoint>
		<em:RelationSymbolId>bc0af4a7-eb41-4dbd-ab5b-f39b201c5a4b</em:RelationSymbolId>
		<em:Order>2</em:Order>
		<em:X>23902</em:X>
		<em:Y>18933</em:Y>
	</em:RelationSymbolPoint>
	<em:RelationSymbolPoint>
		<em:RelationSymbolId>bc0af4a7-eb41-4dbd-ab5b-f39b201c5a4b</em:RelationSymbolId>
		<em:Order>1</em:Order>
		<em:X>27322</em:X>
		<em:Y>18933</em:Y>
	</em:RelationSymbolPoint>
	<em:RelationSymbolPoint>
		<em:RelationSymbolId>5b21f74d-d21a-4d48-bce1-035ec2f9acac</em:RelationSymbolId>
		<em:Order>0</em:Order>
		<em:X>24382</em:X>
		<em:Y>16743</em:Y>
	</em:RelationSymbolPoint>
	<em:RelationSymbolPoint>
		<em:RelationSymbolId>5b21f74d-d21a-4d48-bce1-035ec2f9acac</em:RelationSymbolId>
		<em:Order>1</em:Order>
		<em:X>27962</em:X>
		<em:Y>16743</em:Y>
	</em:RelationSymbolPoint>
	<em:RelationSymbolPoint>
		<em:RelationSymbolId>11f93293-9bfd-44ae-98b8-ce0a729bb336</em:RelationSymbolId>
		<em:Order>0</em:Order>
		<em:X>23662</em:X>
		<em:Y>19383</em:Y>
	</em:RelationSymbolPoint>
	<em:RelationSymbolPoint>
		<em:RelationSymbolId>11f93293-9bfd-44ae-98b8-ce0a729bb336</em:RelationSymbolId>
		<em:Order>1</em:Order>
		<em:X>26442</em:X>
		<em:Y>19383</em:Y>
	</em:RelationSymbolPoint>
	<em:RelationSymbolPoint>
		<em:RelationSymbolId>175c1c07-626b-4c3c-874f-c6d1a0cc03b1</em:RelationSymbolId>
		<em:Order>0</em:Order>
		<em:X>26322</em:X>
		<em:Y>21403</em:Y>
	</em:RelationSymbolPoint>
	<em:RelationSymbolPoint>
		<em:RelationSymbolId>175c1c07-626b-4c3c-874f-c6d1a0cc03b1</em:RelationSymbolId>
		<em:Order>1</em:Order>
		<em:X>26322</em:X>
		<em:Y>19548</em:Y>
	</em:RelationSymbolPoint>
	<em:CategorySymbol>
		<em:CategorySymbolId>ab906b4a-b4d2-4462-b3bb-c71aee92a856</em:CategorySymbolId>
		<em:DiagramId>b1572806-2cc3-48c1-95f3-59271126d707</em:DiagramId>
		<em:CategoryId>76a12ae9-c738-4748-a70c-3632b17ab2f5</em:CategoryId>
		<em:EntitySymbolId>ce824db6-8eeb-477a-a70d-29225ee97440</em:EntitySymbolId>
		<em:CategoryStyleId>deeddcf1-5526-4ff2-b992-f91cfef25a49</em:CategoryStyleId>
		<em:X>22220</em:X>
		<em:Y>22855</em:Y>
		<em:Width>300</em:Width>
		<em:Height>200</em:Height>
	</em:CategorySymbol>
	<em:CategorySymbolPoint>
		<em:CategorySymbolId>ab906b4a-b4d2-4462-b3bb-c71aee92a856</em:CategorySymbolId>
		<em:Order>0</em:Order>
		<em:X>22370</em:X>
		<em:Y>22955</em:Y>
	</em:CategorySymbolPoint>
	<em:CategorySymbolPoint>
		<em:CategorySymbolId>ab906b4a-b4d2-4462-b3bb-c71aee92a856</em:CategorySymbolId>
		<em:Order>1</em:Order>
		<em:X>22370</em:X>
		<em:Y>20954</em:Y>
	</em:CategorySymbolPoint>
	<em:SubcategorySymbol>
		<em:SubcategorySymbolId>e30686c9-108b-405b-b087-41319779b9ed</em:SubcategorySymbolId>
		<em:DiagramId>b1572806-2cc3-48c1-95f3-59271126d707</em:DiagramId>
		<em:SubcategoryId>effcdecc-b707-461d-a960-687f1b94d809</em:SubcategoryId>
		<em:CategorySymbolId>ab906b4a-b4d2-4462-b3bb-c71aee92a856</em:CategorySymbolId>
		<em:EntitySymbolId>3992a48b-2ec1-4175-9e1f-e619b5336e4f</em:EntitySymbolId>
		<em:CategoryStyleId>deeddcf1-5526-4ff2-b992-f91cfef25a49</em:CategoryStyleId>
	</em:SubcategorySymbol>
	<em:SubcategorySymbol>
		<em:SubcategorySymbolId>74f81e87-377e-481e-9074-61eb3119550b</em:SubcategorySymbolId>
		<em:DiagramId>b1572806-2cc3-48c1-95f3-59271126d707</em:DiagramId>
		<em:SubcategoryId>265d6558-3751-4451-ba19-41eebf39bc0b</em:SubcategoryId>
		<em:CategorySymbolId>ab906b4a-b4d2-4462-b3bb-c71aee92a856</em:CategorySymbolId>
		<em:EntitySymbolId>6d54d9e0-ee6c-480e-8dc3-91feed28bbed</em:EntitySymbolId>
		<em:CategoryStyleId>deeddcf1-5526-4ff2-b992-f91cfef25a49</em:CategoryStyleId>
	</em:SubcategorySymbol>
	<em:SubcategorySymbol>
		<em:SubcategorySymbolId>38e51119-1e88-4831-a65f-c54ec6c0cec5</em:SubcategorySymbolId>
		<em:DiagramId>b1572806-2cc3-48c1-95f3-59271126d707</em:DiagramId>
		<em:SubcategoryId>78e2fd29-1cae-44c1-99c5-877389325763</em:SubcategoryId>
		<em:CategorySymbolId>ab906b4a-b4d2-4462-b3bb-c71aee92a856</em:CategorySymbolId>
		<em:EntitySymbolId>ee417d9a-b66a-40f0-9fd9-7a38412e538f</em:EntitySymbolId>
		<em:CategoryStyleId>deeddcf1-5526-4ff2-b992-f91cfef25a49</em:CategoryStyleId>
	</em:SubcategorySymbol>
	<em:SubcategorySymbol>
		<em:SubcategorySymbolId>0b2a7b11-c6a6-466d-aa1c-a5e09d699614</em:SubcategorySymbolId>
		<em:DiagramId>b1572806-2cc3-48c1-95f3-59271126d707</em:DiagramId>
		<em:SubcategoryId>c7b174e3-22b2-4569-8332-aea7bf67bc44</em:SubcategoryId>
		<em:CategorySymbolId>ab906b4a-b4d2-4462-b3bb-c71aee92a856</em:CategorySymbolId>
		<em:EntitySymbolId>8f4bb882-2f48-4e02-bbb9-a00a1935d9a4</em:EntitySymbolId>
		<em:CategoryStyleId>deeddcf1-5526-4ff2-b992-f91cfef25a49</em:CategoryStyleId>
	</em:SubcategorySymbol>
	<em:SubcategorySymbolPoint>
		<em:SubcategorySymbolId>e30686c9-108b-405b-b087-41319779b9ed</em:SubcategorySymbolId>
		<em:Order>0</em:Order>
		<em:X>22370</em:X>
		<em:Y>22955</em:Y>
	</em:SubcategorySymbolPoint>
	<em:SubcategorySymbolPoint>
		<em:SubcategorySymbolId>74f81e87-377e-481e-9074-61eb3119550b</em:SubcategorySymbolId>
		<em:Order>0</em:Order>
		<em:X>22370</em:X>
		<em:Y>22955</em:Y>
	</em:SubcategorySymbolPoint>
	<em:SubcategorySymbolPoint>
		<em:SubcategorySymbolId>e30686c9-108b-405b-b087-41319779b9ed</em:SubcategorySymbolId>
		<em:Order>2</em:Order>
		<em:X>25660</em:X>
		<em:Y>24021</em:Y>
	</em:SubcategorySymbolPoint>
	<em:SubcategorySymbolPoint>
		<em:SubcategorySymbolId>e30686c9-108b-405b-b087-41319779b9ed</em:SubcategorySymbolId>
		<em:Order>1</em:Order>
		<em:X>22370</em:X>
		<em:Y>24021</em:Y>
	</em:SubcategorySymbolPoint>
	<em:SubcategorySymbolPoint>
		<em:SubcategorySymbolId>74f81e87-377e-481e-9074-61eb3119550b</em:SubcategorySymbolId>
		<em:Order>1</em:Order>
		<em:X>24741</em:X>
		<em:Y>22955</em:Y>
	</em:SubcategorySymbolPoint>
	<em:SubcategorySymbolPoint>
		<em:SubcategorySymbolId>38e51119-1e88-4831-a65f-c54ec6c0cec5</em:SubcategorySymbolId>
		<em:Order>0</em:Order>
		<em:X>22370</em:X>
		<em:Y>22955</em:Y>
	</em:SubcategorySymbolPoint>
	<em:SubcategorySymbolPoint>
		<em:SubcategorySymbolId>38e51119-1e88-4831-a65f-c54ec6c0cec5</em:SubcategorySymbolId>
		<em:Order>1</em:Order>
		<em:X>20037</em:X>
		<em:Y>22955</em:Y>
	</em:SubcategorySymbolPoint>
	<em:SubcategorySymbolPoint>
		<em:SubcategorySymbolId>0b2a7b11-c6a6-466d-aa1c-a5e09d699614</em:SubcategorySymbolId>
		<em:Order>0</em:Order>
		<em:X>22370</em:X>
		<em:Y>22955</em:Y>
	</em:SubcategorySymbolPoint>
	<em:SubcategorySymbolPoint>
		<em:SubcategorySymbolId>0b2a7b11-c6a6-466d-aa1c-a5e09d699614</em:SubcategorySymbolId>
		<em:Order>2</em:Order>
		<em:X>20027</em:X>
		<em:Y>24022</em:Y>
	</em:SubcategorySymbolPoint>
	<em:SubcategorySymbolPoint>
		<em:SubcategorySymbolId>0b2a7b11-c6a6-466d-aa1c-a5e09d699614</em:SubcategorySymbolId>
		<em:Order>1</em:Order>
		<em:X>22370</em:X>
		<em:Y>24022</em:Y>
	</em:SubcategorySymbolPoint>
	<em:Title>
		<em:TitleId>d9e386f0-7d87-4b73-a5ae-782a6bf1114d</em:TitleId>
		<em:DiagramId>b1572806-2cc3-48c1-95f3-59271126d707</em:DiagramId>
		<em:TitleStyleId>7ef5b0f8-8434-4446-a7dd-35ed4b44936c</em:TitleStyleId>
		<em:X>17340</em:X>
		<em:Y>12535</em:Y>
		<em:Width>3200</em:Width>
		<em:Height>1600</em:Height>
		<em:Protected>true</em:Protected>
	</em:Title>
	<em:EntityStyle>
		<em:EntityStyleId>a3ef1614-9743-468f-bc0a-d2c24e937338</em:EntityStyleId>
		<em:ModelId>57b58ec1-80de-4b76-ac72-e8fee50704b9</em:ModelId>
		<em:Code>Regular_Entity</em:Code>
		<em:Name>Regular Entity</em:Name>
	</em:EntityStyle>
	<em:EntityStyle>
		<em:EntityStyleId>2507e72f-15aa-43d7-99ed-7388054c980c</em:EntityStyleId>
		<em:ModelId>57b58ec1-80de-4b76-ac72-e8fee50704b9</em:ModelId>
		<em:Code>Featured_Entity</em:Code>
		<em:Name>Featured Entity</em:Name>
		<em:BackColor>-789517</em:BackColor>
	</em:EntityStyle>
	<em:RelationStyle>
		<em:RelationStyleId>b34790ea-0ce6-41fe-aa05-b72c41a1090f</em:RelationStyleId>
		<em:ModelId>57b58ec1-80de-4b76-ac72-e8fee50704b9</em:ModelId>
		<em:Code>Regular_Relation</em:Code>
		<em:Name>Regular Relation</em:Name>
	</em:RelationStyle>
	<em:CategoryStyle>
		<em:CategoryStyleId>deeddcf1-5526-4ff2-b992-f91cfef25a49</em:CategoryStyleId>
		<em:ModelId>57b58ec1-80de-4b76-ac72-e8fee50704b9</em:ModelId>
		<em:Code>Regular_Category</em:Code>
		<em:Name>Regular Category</em:Name>
		<em:Leveling>true</em:Leveling>
	</em:CategoryStyle>
	<em:TextStyle>
		<em:TextStyleId>2f72014b-188c-4c5e-a833-d8d71c17ebb1</em:TextStyleId>
		<em:ModelId>57b58ec1-80de-4b76-ac72-e8fee50704b9</em:ModelId>
		<em:Code>Regular_Text</em:Code>
		<em:Name>Regular Text</em:Name>
	</em:TextStyle>
	<em:TextStyle>
		<em:TextStyleId>75321d72-f345-4174-8ed9-7f11ac801fad</em:TextStyleId>
		<em:ModelId>57b58ec1-80de-4b76-ac72-e8fee50704b9</em:ModelId>
		<em:Code>Header_Text</em:Code>
		<em:Name>Header Text</em:Name>
		<em:FontStyle>Bold</em:FontStyle>
	</em:TextStyle>
	<em:TitleStyle>
		<em:TitleStyleId>7ef5b0f8-8434-4446-a7dd-35ed4b44936c</em:TitleStyleId>
		<em:ModelId>57b58ec1-80de-4b76-ac72-e8fee50704b9</em:ModelId>
		<em:Code>Diagram_Title</em:Code>
		<em:Name>Diagram Title</em:Name>
	</em:TitleStyle>
</em:Model>